anime_id,rating_count
1,15509
5,6927
6,11077
7,2629
8,413
15,2424
16,3890
17,650
18,1911
19,4594
20,25925
22,2712
23,49
24,7153
25,2329
26,1625
27,4835
28,1648
29,227
30,17686
31,5530
32,10273
33,7143
43,8945
44,5729
45,7900
46,1954
47,9748
48,4369
49,1942
50,4530
51,2353
52,1946
53,3054
54,3111
55,398
56,480
57,5749
58,1562
59,12415
60,6259
61,6149
62,2084
63,4978
64,5824
65,4008
66,6702
67,3655
68,6072
69,178
71,11495
72,9235
73,8098
74,2262
75,783
76,2406
77,2031
79,7112
80,1712
81,1489
82,995
83,420
84,978
85,1040
86,602
87,902
88,601
89,354
90,4022
91,1504
92,666
93,4392
94,3245
95,489
96,1639
97,3799
98,3506
99,1938
100,1745
101,8820
102,2995
103,253
104,1656
105,609
106,958
107,985
108,471
109,2094
110,325
111,319
112,212
113,622
114,2054
115,323
116,424
117,438
118,283
119,1419
120,11130
121,25032
122,2103
123,2425
124,674
125,1220
126,917
127,605
128,361
129,1140
130,732
131,493
132,2725
133,4778
134,4071
135,2398
136,5626
137,2788
138,2991
139,2888
141,314
142,1495
143,1841
144,1653
145,3079
146,2141
147,4164
148,166
149,4412
150,7496
151,338
152,694
153,1852
154,7814
155,1388
156,2191
157,3541
158,1032
159,457
160,1475
161,1559
162,685
163,219
164,16303
165,2399
166,3347
167,2190
168,2425
169,4170
170,2711
171,52
173,904
174,5150
175,768
176,204
177,5465
178,791
179,212
180,2920
181,2331
182,3486
183,326
184,584
185,2699
186,2303
187,2030
188,27
189,8013
190,4118
191,3346
192,3053
193,3171
194,1189
195,5489
196,3662
197,778
198,2236
199,22974
200,487
201,708
202,6278
203,253
204,1045
205,14068
206,604
207,1087
208,2261
209,1933
210,3285
211,77
212,362
213,110
214,72
215,84
216,110
217,70
218,1018
219,542
220,67
221,853
222,563
223,14117
225,11079
226,27506
227,13152
228,5638
229,1057
230,872
231,136
232,7492
233,451
234,95
236,503
237,7851
238,1497
239,2597
240,4300
241,4180
242,1101
243,3967
244,74
245,9820
246,1792
247,446
248,3590
249,9328
250,1299
251,1670
252,793
253,786
254,496
255,406
256,4064
257,4138
258,460
259,382
260,874
261,525
262,368
263,4935
264,2513
265,2225
266,427
267,3324
268,5528
269,12845
270,14094
271,263
272,2155
273,438
274,1360
275,848
276,1746
277,1187
278,183
279,513
280,15
281,735
282,238
283,233
284,300
285,339
286,259
287,996
288,2811
289,558
290,976
291,1181
292,552
293,536
294,275
295,176
296,500
297,1850
298,2407
299,1260
300,725
301,120
302,438
303,724
304,1835
305,62
306,1781
307,20
308,187
309,89
310,55
311,81
312,14
313,42
314,19
315,65
316,120
317,9588
318,955
319,258
320,1458
321,490
322,4092
323,4407
324,379
325,2285
326,1663
327,312
328,197
329,2365
330,4883
331,116
332,57
333,56
334,788
335,1026
336,300
337,355
338,707
339,6103
340,512
341,1543
342,325
343,1689
344,221
345,634
346,439
347,228
348,539
349,99
350,762
351,360
352,378
353,255
354,264
355,11950
356,14915
357,6487
358,865
359,119
360,124
361,141
362,110
363,81
364,167
365,646
366,822
367,57
368,1662
369,1104
370,323
371,3314
372,3406
373,285
374,150
375,154
376,7366
377,252
378,149
379,2747
380,881
381,764
382,1123
383,688
384,6836
385,689
386,147
387,3664
388,382
389,2050
390,2877
391,810
392,6764
393,1929
394,2141
395,4796
396,804
397,667
398,532
399,88
400,3153
401,2935
402,38
403,967
404,944
405,4100
406,423
407,605
408,3393
411,1817
412,3043
413,1131
415,711
416,3624
417,1566
418,818
419,1771
420,736
421,280
422,110
423,110
424,209
425,208
426,499
427,1721
428,585
429,593
430,11153
431,17258
432,445
433,4279
434,163
435,1581
437,4459
438,460
439,235
440,1586
441,992
442,7846
443,2375
444,673
445,475
446,294
447,498
448,2048
449,3033
450,3408
451,3071
452,3191
454,860
455,345
456,363
457,7004
458,222
459,2926
460,2457
461,2400
462,2479
463,2246
464,2305
465,2069
466,1036
467,6329
468,4102
469,5212
470,543
471,507
472,659
473,186
474,1067
475,122
476,1368
477,1859
478,1724
479,2186
481,5741
482,2840
483,461
484,359
485,429
486,2550
487,3210
488,1725
489,957
490,1142
492,686
493,552
495,406
496,90
497,711
498,79
499,338
501,426
502,1904
503,133
504,442
505,113
506,83
507,1542
508,1032
509,1349
510,88
511,110
512,7840
513,7597
514,1726
515,136
516,341
517,2557
518,78
519,770
520,250
521,1273
522,1990
523,12748
524,1639
525,228
526,242
527,9334
528,6579
529,2280
530,7089
531,2107
532,3798
533,187
534,3395
535,2256
536,1027
537,722
538,1304
539,1338
540,936
541,680
543,3868
544,222
545,61
546,334
547,112
548,1259
550,4463
551,719
552,9395
553,1671
554,735
555,400
556,201
557,284
558,1555
559,250
560,368
561,376
562,58
563,1216
564,1363
565,2168
566,504
567,1614
568,783
569,596
570,2347
571,59
572,7109
573,858
574,83
576,1147
577,180
578,7755
579,1097
580,218
581,326
582,130
584,1850
585,4258
586,1186
587,3080
588,481
589,444
590,895
591,2444
592,33
593,567
594,3696
595,510
596,2422
597,4957
598,282
599,98
600,347
601,1527
602,23
603,541
604,218
605,84
606,265
607,80
608,220
609,664
610,654
611,26
612,158
613,109
614,178
615,431
616,17
617,3054
618,1027
619,103
620,433
621,445
622,302
623,67
624,573
625,73
626,185
627,1668
629,188
630,188
631,533
632,279
633,187
634,1215
635,493
636,282
637,722
641,946
642,903
644,1216
645,744
646,116
647,82
648,211
649,740
650,700
651,1413
652,322
653,287
654,117
655,210
656,1863
658,1582
659,1805
660,95
661,75
664,1320
665,683
666,745
667,1484
668,367
669,441
670,1281
671,202
673,520
675,76
676,40
677,37
678,300
679,187
681,52
682,360
683,71
684,187
685,239
686,84
687,2743
688,615
689,248
690,660
691,83
692,30
693,236
694,857
695,234
696,1919
704,491
705,67
706,277
707,135
708,64
709,375
710,3486
711,57
712,382
713,2515
714,36
715,108
718,163
719,1198
721,2100
722,170
723,108
724,835
725,94
727,6
729,14
730,234
731,1685
732,2611
733,370
734,222
736,635
738,748
740,4194
741,1922
743,1112
744,90
746,1936
747,958
748,122
749,31
750,216
751,42
752,362
753,113
754,26
755,606
756,1072
757,148
758,583
759,3511
760,940
761,3316
762,5018
763,1348
764,887
765,64
766,328
767,206
769,320
770,2117
771,195
773,54
776,226
777,7501
779,1627
780,1442
781,1463
782,302
783,79
785,555
786,107
788,924
789,1377
790,7736
791,66
792,759
793,2365
795,221
796,39
797,429
798,200
799,116
800,453
801,4211
807,1976
808,192
810,72
811,955
812,718
813,17032
814,611
815,868
816,299
817,292
818,345
819,1683
820,903
821,737
822,856
823,88
824,244
825,509
827,101
828,42
830,528
831,533
832,20
833,326
834,4708
835,197
836,527
837,1289
838,455
839,54
840,462
841,561
842,140
844,208
845,1798
846,4894
848,100
849,18764
850,1743
851,159
852,128
853,19064
854,622
855,2760
856,3173
857,8465
858,67
859,1758
860,1368
861,5475
863,1009
864,392
865,28
866,761
867,724
868,753
869,765
870,658
872,325
873,2104
874,4923
875,969
876,757
877,6363
878,632
879,573
880,2303
881,1675
882,768
883,805
884,677
885,1036
886,1970
887,226
888,783
889,12541
890,227
891,1692
892,1588
893,1589
894,3797
895,3550
896,3743
897,3310
898,3812
899,3557
900,3311
901,4113
902,3198
903,3460
904,3114
905,3478
906,3108
907,1912
908,2874
909,381
910,551
911,165
912,53
913,73
914,224
915,300
916,1649
917,266
918,4974
919,251
920,220
921,192
924,101
925,105
926,87
927,168
928,179
929,72
930,80
932,282
933,757
934,12901
935,2500
936,6296
937,863
938,97
940,2141
941,592
942,386
943,166
944,534
949,1638
950,601
951,149
952,116
953,1897
956,22
957,1556
958,374
959,146
960,71
961,144
962,1081
963,2042
964,169
965,108
967,781
968,49
969,3905
970,85
971,342
972,862
973,200
974,1882
975,385
976,297
977,245
978,172
979,743
980,63
981,1323
982,491
983,107
984,1265
985,2839
986,3068
987,2012
988,11
989,9
990,1638
991,160
992,572
993,222
994,76
995,1357
996,2825
997,1808
998,586
999,189
1000,281
1001,66
1002,1450
1003,1207
1004,2905
1005,437
1006,905
1007,910
1008,622
1009,76
1010,568
1011,535
1012,48
1013,793
1014,169
1015,3387
1016,1167
1017,729
1018,360
1019,461
1020,252
1021,237
1022,230
1023,1982
1024,233
1025,404
1026,81
1027,66
1028,171
1029,1456
1030,1650
1031,74
1032,151
1033,2157
1034,587
1035,63
1036,167
1037,210
1038,53
1039,105
1040,26
1041,413
1042,404
1043,585
1044,150
1045,687
1046,481
1047,710
1048,515
1049,172
1050,898
1051,1339
1052,24
1053,49
1055,554
1056,190
1057,167
1058,35
1059,91
1060,727
1062,213
1064,181
1065,341
1066,1665
1067,1023
1068,48
1069,166
1070,93
1071,78
1072,1294
1074,2972
1075,39
1076,37
1078,1154
1079,679
1080,347
1081,125
1082,304
1083,38
1084,353
1085,345
1086,514
1087,379
1088,1392
1089,866
1090,587
1091,517
1092,518
1093,3
1094,1208
1095,634
1096,505
1097,235
1098,304
1099,60
1100,35
1101,650
1102,96
1103,307
1104,241
1105,191
1106,211
1107,579
1108,526
1109,242
1110,828
1111,283
1112,286
1113,64
1115,63
1116,98
1117,5387
1118,4872
1119,3644
1120,2554
1121,2671
1122,2710
1123,255
1124,261
1126,142
1127,494
1128,336
1129,163
1130,231
1132,3789
1133,888
1135,414
1136,212
1137,488
1138,1652
1139,13
1140,2267
1141,144
1142,2904
1143,915
1144,607
1145,135
1146,514
1147,360
1148,95
1149,263
1150,91
1151,379
1152,256
1153,168
1154,24
1155,34
1156,272
1157,1097
1158,82
1159,51
1160,84
1161,128
1162,82
1163,126
1164,596
1165,134
1166,96
1167,167
1168,206
1169,109
1170,740
1171,775
1172,1866
1174,548
1175,31
1176,24
1177,553
1178,121
1179,96
1180,139
1181,184
1182,266
1183,88
1184,368
1185,134
1186,188
1187,514
1188,53
1189,166
1190,742
1191,424
1192,1320
1193,125
1194,545
1195,15347
1196,174
1198,624
1200,30
1202,610
1203,129
1204,176
1205,577
1206,111
1207,48
1208,86
1209,155
1210,10023
1211,414
1212,1272
1214,368
1215,799
1216,340
1217,280
1218,1731
1219,539
1220,380
1221,329
1222,4791
1223,381
1224,302
1225,472
1226,188
1227,37
1228,94
1230,777
1231,500
1232,270
1233,152
1234,120
1235,282
1236,41
1237,1046
1238,990
1239,3057
1240,1527
1241,947
1243,625
1244,32
1245,188
1246,174
1247,49
1248,298
1249,270
1250,2783
1251,708
1252,116
1253,1146
1254,2846
1255,531
1256,633
1257,1293
1258,527
1259,675
1260,486
1261,330
1262,347
1263,139
1264,524
1265,78
1266,69
1267,59
1268,83
1269,247
1270,228
1271,120
1272,234
1273,124
1274,71
1275,86
1276,138
1277,114
1278,899
1279,231
1280,264
1281,1269
1283,142
1284,31
1285,313
1286,207
1287,54
1288,271
1289,137
1290,257
1292,6412
1293,291
1295,121
1296,157
1297,134
1298,126
1299,194
1300,69
1301,272
1302,176
1303,2618
1311,2057
1312,165
1313,6670
1314,21
1316,86
1317,296
1324,253
1325,101
1327,284
1328,68
1329,35
1331,185
1332,109
1333,29
1335,942
1336,253
1337,23
1338,102
1339,165
1340,63
1341,195
1342,164
1343,149
1344,68
1345,60
1346,207
1347,523
1348,197
1349,194
1350,209
1351,174
1352,347
1353,64
1355,11
1356,368
1357,283
1358,457
1359,369
1360,277
1361,4193
1362,1058
1363,1351
1364,1341
1365,1420
1366,1154
1367,1229
1368,453
1369,592
1370,244
1371,92
1372,420
1373,139
1374,549
1375,231
1376,135
1377,68
1378,182
1379,1080
1380,408
1381,92
1382,171
1383,34
1384,454
1385,106
1386,132
1387,233
1388,107
1389,99
1390,72
1391,54
1392,28
1393,31
1394,23
1395,26
1396,3
1397,542
1398,305
1399,271
1400,251
1401,779
1402,29
1403,86
1404,49
1405,62
1406,149
1407,94
1408,398
1409,112
1410,348
1411,69
1412,1067
1413,124
1414,130
1415,130
1416,201
1417,164
1418,202
1419,212
1420,114
1421,108
1422,119
1423,92
1424,113
1425,279
1426,188
1427,119
1428,73
1429,106
1430,1586
1431,132
1432,169
1433,152
1434,149
1435,250
1436,166
1437,120
1438,134
1439,122
1440,90
1441,170
1442,169
1443,109
1444,153
1445,303
1448,315
1450,99
1451,119
1452,45
1453,438
1454,735
1455,222
1456,85
1457,188
1458,21
1459,354
1460,125
1462,1275
1465,165
1466,29
1468,198
1469,1136
1470,546
1471,303
1472,255
1473,247
1474,165
1475,135
1476,138
1477,125
1478,127
1479,110
1480,350
1481,67
1482,8912
1483,154
1484,186
1485,249
1486,794
1487,895
1488,171
1489,272
1490,144
1491,151
1492,254
1493,151
1494,254
1495,74
1496,400
1497,64
1498,3656
1499,17
1500,272
1501,329
1502,106
1503,20
1504,282
1505,1075
1506,1116
1508,128
1509,401
1510,117
1511,58
1512,84
1513,44
1514,258
1515,66
1516,273
1517,302
1519,9735
1520,234
1521,381
1524,147
1525,779
1526,2885
1527,737
1528,39
1529,44
1530,7267
1531,1610
1532,1606
1533,512
1534,139
1535,39340
1536,4402
1537,21
1538,939
1539,84
1540,86
1541,114
1542,139
1543,973
1544,120
1546,1668
1547,4
1548,33
1549,59
1550,157
1552,6
1553,118
1554,677
1555,1117
1556,471
1557,1170
1558,117
1559,5654
1560,65
1561,232
1562,4477
1563,1034
1564,3219
1565,1804
1566,2365
1567,274
1568,1421
1569,1855
1570,1065
1571,4703
1572,136
1573,219
1574,16
1575,27718
1576,776
1577,337
1578,199
1579,2871
1580,21
1581,984
1582,72
1583,304
1584,87
1585,28
1586,118
1587,274
1588,707
1589,1074
1590,31
1591,340
1592,373
1593,1323
1594,3178
1595,46
1596,111
1597,98
1598,178
1599,140
1600,84
1601,580
1602,638
1603,174
1604,6739
1606,2377
1607,785
1608,127
1609,892
1611,86
1613,132
1614,1056
1617,32
1618,43
1619,842
1620,44
1621,49
1622,316
1623,93
1624,97
1625,92
1626,80
1627,28
1628,131
1629,213
1630,117
1631,452
1632,142
1633,174
1634,328
1635,261
1636,159
1637,288
1638,122
1639,2475
1640,826
1641,36
1642,512
1643,42
1644,34
1645,111
1647,159
1648,219
1650,186
1651,99
1652,73
1654,726
1655,240
1656,2
1657,120
1658,103
1659,251
1660,70
1661,147
1662,49
1663,117
1664,50
1665,35
1666,12
1667,12
1668,1317
1669,1647
1670,311
1671,19
1672,69
1673,38
1674,816
1675,316
1676,95
1677,47
1678,516
1679,470
1681,1072
1682,540
1683,97
1684,50
1685,664
1686,9968
1688,598
1689,14304
1690,1913
1691,8254
1692,367
1693,195
1694,371
1695,165
1696,2040
1698,5387
1699,3187
1701,97
1702,39
1703,128
1704,135
1705,18
1706,161
1707,254
1708,21
1709,2530
1710,907
1711,44
1712,18
1713,21
1718,246
1719,2687
1720,210
1721,590
1722,2409
1723,5102
1724,31
1725,148
1726,8235
1727,743
1728,373
1729,547
1731,1619
1732,782
1733,107
1734,422
1736,139
1737,10
1738,472
1739,2
1740,7
1741,49
1742,34
1743,91
1744,308
1745,7
1746,333
1747,467
1748,43
1749,700
1750,590
1751,362
1752,90
1753,43
1754,81
1755,73
1756,65
1757,100
1758,35
1759,74
1760,257
1761,202
1762,192
1763,49
1764,467
1765,111
1766,39
1767,63
1768,81
1769,120
1770,56
1771,33
1772,36
1773,201
1774,73
1775,55
1776,32
1777,101
1778,26
1779,93
1780,338
1781,78
1782,45
1783,248
1784,30
1785,346
1786,37
1787,399
1788,86
1789,127
1790,77
1791,77
1792,161
1793,343
1794,85
1795,79
1796,127
1797,282
1798,201
1799,309
1800,290
1802,195
1803,68
1804,139
1805,147
1806,73
1807,669
1808,1076
1810,925
1811,69
1812,74
1813,2266
1815,2497
1816,1278
1817,1324
1818,12254
1819,33
1820,39
1821,99
1822,89
1823,94
1824,557
1825,169
1826,222
1827,3045
1828,66
1829,3215
1830,662
1831,46
1832,95
1833,25
1834,80
1835,250
1836,1566
1837,112
1838,876
1839,44
1840,12009
1841,359
1842,1470
1843,96
1844,259
1845,77
1846,176
1847,1115
1848,37
1849,14
1850,11
1851,8
1852,1201
1853,76
1854,86
1855,40
1856,229
1857,47
1858,684
1859,262
1860,1637
1861,409
1862,903
1863,2
1864,159
1865,157
1866,43
1867,21
1868,210
1869,685
1872,17
1873,84
1874,249
1878,69
1879,90
1880,68
1881,127
1882,81
1883,50
1884,61
1885,22
1886,48
1887,11548
1888,831
1889,9167
1890,472
1891,47
1892,28
1893,57
1894,2375
1895,87
1896,476
1897,18
1898,115
1899,47
1900,58
1901,143
1902,287
1903,52
1904,54
1905,76
1906,141
1907,43
1908,243
1909,117
1910,96
1911,263
1912,187
1913,828
1914,804
1915,1549
1916,356
1917,377
1918,193
1919,85
1920,166
1921,243
1922,127
1923,109
1924,109
1925,100
1926,91
1927,39
1928,89
1929,211
1930,119
1931,99
1932,139
1933,35
1935,157
1936,22
1937,34
1938,20
1939,40
1940,123
1941,183
1942,153
1943,6834
1944,417
1946,423
1947,18
1949,154
1951,308
1952,460
1953,1760
1954,505
1955,73
1956,2435
1957,151
1958,332
1959,16
1961,451
1962,14
1964,85
1965,3180
1966,33
1967,272
1968,247
1969,241
1972,121
1973,45
1974,420
1975,8
1977,74
1978,253
1979,115
1980,320
1981,97
1982,115
1983,118
1984,94
1985,205
1986,14
1988,235
1989,93
1990,41
1991,137
1992,39
1993,28
1994,417
1995,168
1996,374
1998,366
1999,56
2000,296
2001,19337
2002,2313
2003,29
2004,145
2006,1495
2007,31
2008,14
2009,23
2010,114
2011,115
2012,212
2013,192
2014,234
2015,69
2016,149
2017,148
2018,82
2019,36
2020,1138
2021,89
2022,25
2023,56
2024,2
2025,15591
2026,4396
2027,66
2028,4
2029,54
2030,935
2031,1004
2032,172
2033,90
2034,9914
2035,471
2036,60
2037,92
2038,42
2039,18
2040,10
2041,348
2042,172
2043,273
2044,88
2045,8
2046,7
2047,106
2048,89
2049,40
2050,82
2051,34
2052,10
2053,40
2054,16
2055,23
2056,40
2057,53
2058,19
2059,24
2060,104
2061,46
2062,43
2063,34
2064,32
2065,28
2066,12
2067,127
2068,30
2069,16
2070,29
2071,210
2072,31
2073,7
2074,11
2075,3
2076,76
2077,40
2078,45
2079,16
2080,7
2081,19
2082,17
2083,46
2084,28
2085,7
2086,7
2087,37
2088,6
2089,38
2090,49
2091,10
2092,8
2093,2
2094,22
2095,14
2096,3
2097,89
2098,174
2099,88
2100,61
2101,3
2102,68
2103,46
2104,5878
2105,246
2106,137
2107,1964
2108,398
2109,144
2110,135
2111,129
2112,1179
2113,220
2114,34
2116,1892
2117,248
2118,161
2119,136
2120,129
2121,131
2122,128
2123,735
2124,1310
2125,285
2126,254
2127,29
2128,13
2129,5273
2130,1618
2131,4362
2132,816
2133,70
2134,95
2135,432
2136,432
2137,70
2138,96
2139,35
2140,116
2141,106
2142,615
2143,246
2144,5883
2145,128
2146,50
2147,132
2148,1687
2150,452
2151,167
2152,230
2153,162
2154,1629
2155,398
2156,961
2157,119
2158,967
2159,1561
2161,465
2162,156
2163,632
2164,1791
2165,20
2166,1096
2167,21721
2168,63
2169,211
2170,357
2171,1005
2172,34
2173,2
2174,193
2175,936
2176,117
2178,564
2179,69
2180,33
2181,48
2182,233
2183,124
2185,99
2186,43
2187,36
2188,204
2189,34
2190,20
2191,86
2193,92
2194,112
2195,60
2196,60
2198,1000
2199,97
2200,36
2201,1961
2202,164
2203,67
2204,150
2205,652
2206,94
2207,77
2208,27
2209,76
2210,714
2211,112
2212,169
2213,332
2214,200
2215,144
2216,1341
2217,414
2218,274
2219,89
2220,205
2221,134
2222,149
2223,42
2224,50
2225,568
2226,13
2227,126
2228,113
2229,362
2230,71
2231,23
2232,7
2233,20
2234,33
2235,850
2236,13053
2237,774
2238,603
2239,8
2240,10
2243,23
2244,9
2245,53
2246,1889
2248,3426
2249,130
2250,48
2251,11070
2252,108
2253,165
2254,16
2255,32
2256,24
2257,19
2258,10
2259,40
2260,39
2261,69
2262,216
2263,453
2264,96
2265,396
2266,53
2267,255
2268,363
2269,303
2272,20
2273,2042
2274,836
2275,104
2276,84
2277,62
2278,47
2279,107
2280,15
2281,314
2282,5
2283,49
2284,155
2285,162
2286,275
2287,91
2288,148
2289,63
2290,218
2291,99
2292,49
2293,159
2294,336
2298,507
2299,52
2300,91
2301,50
2302,94
2303,67
2304,53
2305,57
2306,73
2307,86
2308,25
2309,95
2310,16
2311,16
2312,62
2313,291
2314,2
2315,77
2316,22
2317,115
2318,21
2319,111
2321,254
2322,70
2324,271
2325,195
2326,31
2327,85
2328,66
2329,34
2330,286
2331,94
2332,349
2333,79
2334,30
2335,287
2336,435
2337,29
2338,26
2339,14
2340,27
2341,130
2342,24
2343,83
2344,46
2345,39
2346,258
2348,45
2349,182
2350,49
2351,82
2352,201
2353,103
2354,352
2355,300
2356,346
2357,121
2359,155
2360,77
2361,170
2362,14
2363,890
2364,87
2365,29
2366,3
2367,587
2368,45
2369,1378
2370,110
2371,131
2372,363
2373,43
2374,47
2375,48
2376,37
2377,62
2378,57
2379,48
2380,40
2382,8
2383,143
2384,62
2385,1518
2386,1622
2387,72
2388,3
2389,153
2390,299
2391,190
2392,90
2393,85
2394,114
2395,48
2396,218
2397,2175
2398,1897
2399,55
2400,150
2402,155
2403,2795
2404,4346
2405,76
2407,165
2408,130
2409,338
2410,98
2411,324
2412,110
2413,290
2414,52
2415,86
2416,43
2417,561
2418,5115
2419,67
2420,56
2421,20
2422,24
2423,35
2424,1005
2427,83
2428,41
2429,61
2430,44
2431,82
2432,745
2433,189
2434,40
2435,62
2436,186
2437,88
2438,171
2439,58
2440,48
2441,168
2442,74
2443,21
2444,55
2445,184
2446,128
2447,139
2448,621
2449,837
2450,123
2451,177
2452,139
2453,37
2454,200
2455,32
2456,41
2457,47
2458,147
2459,86
2460,131
2461,76
2462,140
2463,5
2464,37
2465,11
2466,17
2467,38
2468,51
2469,56
2470,83
2471,348
2472,6860
2473,62
2474,50
2475,64
2476,12417
2479,71
2480,24
2482,30
2483,83
2484,38
2485,46
2486,86
2487,31
2488,174
2489,94
2490,1360
2491,37
2492,40
2493,38
2494,3353
2495,107
2497,112
2498,404
2499,390
2500,167
2501,22
2503,2
2505,155
2506,97
2507,115
2508,2959
2510,22
2511,31
2512,473
2513,463
2514,493
2515,428
2516,100
2517,146
2518,43
2520,872
2521,35
2522,43
2523,244
2524,149
2525,92
2526,65
2527,71
2528,34
2529,31
2530,127
2531,170
2532,88
2533,112
2534,128
2535,60
2536,65
2537,19
2538,22
2539,249
2540,78
2541,22
2542,177
2543,235
2544,70
2545,43
2546,63
2547,330
2548,143
2549,22
2550,85
2551,47
2552,11
2553,62
2554,92
2555,60
2556,96
2557,118
2558,119
2559,379
2560,172
2561,82
2562,597
2563,750
2564,568
2565,39
2566,7
2567,54
2568,7
2569,192
2570,59
2571,298
2572,83
2573,23
2574,46
2575,18
2576,23
2577,110
2578,46
2579,151
2580,550
2581,5196
2582,180
2583,79
2584,63
2585,77
2586,52
2588,58
2589,778
2590,156
2591,101
2592,161
2593,7092
2594,823
2595,1165
2596,2039
2597,404
2598,30
2599,6
2600,6
2601,14
2602,1265
2603,472
2604,654
2605,6082
2606,433
2607,68
2608,340
2609,23
2610,19
2611,213
2612,52
2613,18
2614,16
2615,553
2616,99
2617,106
2618,153
2619,116
2620,76
2621,62
2622,82
2623,153
2624,24
2625,15
2626,16
2627,9
2628,11
2629,12
2630,23
2631,14
2632,15
2633,13
2634,16
2635,8
2636,3
2637,9
2638,10
2639,3
2640,12
2641,10
2642,2
2644,9
2645,14
2646,16
2647,4
2648,45
2649,24
2650,15
2651,18
2652,18
2653,16
2654,45
2655,94
2656,45
2657,47
2658,45
2659,45
2660,36
2661,87
2662,28
2664,45
2665,42
2666,39
2667,36
2668,40
2669,32
2670,76
2671,31
2672,53
2673,55
2674,20
2675,44
2676,40
2677,62
2678,30
2679,12
2680,1105
2681,57
2682,55
2683,965
2684,267
2685,3018
2686,29
2687,3
2688,28
2689,12
2690,18
2691,2
2692,41
2693,30
2694,5
2695,198
2696,31
2697,2
2698,34
2699,35
2700,20
2701,3
2702,22
2703,85
2704,56
2705,198
2706,111
2707,8
2708,1
2709,72
2710,1
2712,2
2713,101
2714,18
2715,43
2716,34
2717,46
2718,25
2719,50
2721,34
2722,57
2723,32
2724,277
2725,329
2726,50
2727,59
2728,100
2729,139
2730,143
2731,5
2732,12
2733,58
2734,107
2735,2
2736,82
2737,9
2738,3
2739,6
2740,9
2741,6
2742,2
2743,253
2744,441
2745,43
2746,980
2747,146
2748,143
2749,13
2750,4
2751,180
2752,1167
2753,77
2754,45
2755,38
2756,433
2757,21
2758,3
2759,9099
2760,51
2761,83
2762,199
2765,27
2766,69
2767,44
2768,940
2769,7
2770,47
2771,4
2772,524
2775,322
2776,20
2777,15
2778,13
2779,70
2780,63
2781,39
2782,205
2783,26
2784,339
2785,10
2786,39
2787,8644
2788,71
2789,287
2790,38
2791,35
2792,34
2793,61
2794,22
2795,1798
2796,116
2797,85
2798,724
2799,151
2800,498
2801,47
2802,53
2803,41
2804,24
2805,23
2806,4
2808,309
2809,5
2810,109
2811,163
2813,185
2814,20
2815,43
2816,233
2817,175
2818,17
2819,48
2820,44
2821,48
2822,12
2823,59
2824,25
2825,130
2826,55
2827,149
2828,106
2829,255
2830,13
2831,13
2832,574
2833,16
2834,52
2835,18
2836,61
2837,19
2838,19
2839,19
2840,46
2841,303
2842,471
2847,2136
2848,272
2851,46
2852,254
2858,138
2859,63
2861,68
2862,109
2863,110
2864,42
2866,322
2867,290
2868,136
2869,130
2870,164
2871,264
2872,56
2873,589
2874,31
2875,119
2876,8
2881,22
2882,37
2883,129
2884,237
2885,18
2889,8590
2890,6783
2891,393
2892,30
2894,67
2895,16
2896,301
2897,81
2899,2656
2901,22
2903,82
2904,24242
2905,946
2906,11
2907,135
2910,67
2911,165
2912,52
2913,28
2915,24
2916,10
2917,82
2920,35
2921,109
2922,26
2923,4411
2924,5780
2926,5410
2927,2592
2928,730
2929,87
2930,1
2931,127
2933,18
2934,7
2935,49
2936,20
2937,572
2938,39
2941,52
2942,520
2943,101
2944,60
2945,104
2946,145
2947,93
2948,76
2950,530
2951,1642
2952,4338
2953,579
2954,247
2955,244
2956,23
2957,72
2958,142
2959,45
2960,155
2961,3868
2962,1537
2963,4272
2964,683
2965,129
2966,11910
2967,128
2969,1752
2970,1187
2971,684
2972,26
2973,96
2974,35
2977,44
2978,155
2979,52
2980,9
2981,251
2982,158
2983,105
2985,1560
2986,2536
2987,20
2988,182
2989,90
2990,24
2991,60
2993,13867
2994,3888
2997,51
2998,40
2999,39
3000,146
3001,1676
3002,3036
3003,95
3004,119
3005,150
3006,23
3007,148
3008,172
3009,182
3010,306
3011,482
3012,145
3014,563
3015,194
3016,372
3019,106
3020,6
3021,11
3022,12
3023,9
3024,40
3025,14
3026,38
3027,144
3028,23
3031,681
3032,698
3033,808
3034,86
3035,17
3036,32
3037,40
3038,30
3039,86
3040,92
3043,109
3044,217
3046,58
3048,115
3050,220
3051,73
3053,269
3054,42
3056,39
3057,624
3058,194
3059,60
3060,63
3061,31
3062,86
3063,27
3064,11
3065,9
3066,44
3067,46
3069,30
3070,38
3071,33
3072,39
3073,1
3074,33
3075,33
3076,699
3077,5
3078,39
3079,28
3080,297
3081,129
3082,30
3085,850
3086,1096
3087,2383
3088,679
3089,1552
3090,1091
3091,3413
3092,6002
3093,29
3094,21
3095,50
3098,22
3099,11
3100,19
3101,78
3102,280
3104,5
3105,99
3107,129
3108,61
3109,36
3110,47
3111,56
3112,35
3113,27
3114,5
3115,25
3116,42
3120,47
3121,1268
3125,55
3127,42
3129,15
3130,12
3131,10
3132,26
3135,40
3136,50
3137,79
3138,153
3140,71
3146,24
3147,19
3151,13
3152,5
3153,20
3154,45
3155,4
3157,122
3159,14
3160,66
3162,20
3164,2
3165,688
3166,962
3167,3538
3171,74
3174,762
3175,15
3176,4
3178,10
3180,7
3182,21
3183,14
3185,30
3186,83
3190,22
3192,21
3193,55
3194,35
3196,28
3199,92
3201,11
3202,81
3203,42
3205,25
3210,1439
3211,37
3213,17
3214,7
3215,75
3218,138
3219,271
3220,144
3221,1117
3222,100
3223,92
3225,2586
3226,1364
3227,82
3228,3069
3229,3300
3230,2943
3231,1489
3232,39
3234,128
3235,8
3239,38
3243,2
3245,30
3247,1345
3248,61
3250,114
3251,3
3252,17
3254,61
3256,102
3258,78
3259,17
3264,12
3265,193
3266,781
3267,4
3268,614
3269,1118
3270,477
3271,59
3272,69
3273,6
3274,4
3275,3
3276,3
3277,3
3278,3
3279,3
3280,6
3281,15
3285,46
3286,156
3287,237
3288,226
3290,8
3292,175
3294,3
3295,31
3297,1051
3298,1157
3299,3116
3300,35
3301,47
3302,141
3303,63
3305,40
3306,47
3307,181
3308,90
3309,38
3312,316
3313,36
3315,4
3317,8
3318,1020
3320,23
3322,834
3323,792
3324,175
3325,10
3326,380
3327,10
3328,1782
3329,47
3332,8
3334,36
3335,22
3336,79
3342,3552
3345,37
3349,417
3350,55
3352,1209
3354,1425
3355,6
3356,60
3358,2416
3359,1793
3361,9
3362,2
3363,320
3366,1369
3367,49
3369,135
3370,48
3371,206
3372,1
3375,1856
3377,42
3378,20
3379,23
3380,38
3381,56
3382,54
3383,21
3384,27
3385,77
3388,43
3389,1167
3390,70
3391,5
3392,1198
3393,45
3394,66
3396,29
3398,24
3399,12
3401,319
3402,55
3403,153
3406,38
3407,1673
3410,159
3411,74
3414,1
3417,156
3418,16
3419,471
3420,1840
3421,126
3422,115
3424,15
3425,5
3427,56
3428,19
3429,221
3430,240
3432,18
3433,8
3434,33
3435,12
3436,11
3437,27
3438,127
3439,61
3442,50
3444,17
3446,1478
3447,359
3448,95
3449,370
3451,2
3452,66
3454,52
3455,8764
3456,1216
3457,14499
3458,2
3460,32
3461,30
3462,14
3463,35
3464,1156
3465,4
3466,820
3467,3977
3468,302
3469,268
3470,7395
3472,43
3473,33
3474,62
3475,82
3478,168
3479,227
3480,14
3481,48
3482,23
3483,45
3484,47
3485,704
3486,21
3488,79
3490,34
3493,137
3496,6
3497,2
3498,29
3499,25
3500,1
3501,104
3503,5572
3505,5
3506,170
3507,119
3508,561
3509,41
3511,20
3512,69
3513,11
3514,1
3515,1027
3516,14
3517,5
3518,53
3519,22
3522,36
3525,136
3526,46
3527,42
3529,37
3530,14
3531,38
3532,62
3533,15
3534,38
3535,78
3536,17
3537,273
3538,66
3539,42
3540,22
3541,27
3542,19
3543,47
3545,77
3546,3
3547,8
3549,798
3550,13
3551,52
3553,14
3556,41
3557,46
3558,29
3559,178
3560,86
3561,23
3562,27
3563,25
3564,21
3565,31
3566,33
3567,22
3568,61
3569,46
3570,9
3571,66
3572,3701
3573,6
3574,682
3575,1
3576,117
3577,673
3578,97
3579,38
3580,39
3581,114
3582,47
3583,35
3584,24
3586,26
3587,45
3588,19759
3593,596
3594,1795
3595,26
3596,12
3597,32
3599,22
3600,26
3602,55
3603,148
3604,785
3605,19
3609,41
3613,1321
3614,357
3615,890
3616,1371
3618,228
3619,15
3620,112
3622,83
3624,44
3625,99
3626,285
3627,966
3628,29
3630,7
3631,46
3633,29
3635,53
3636,114
3637,6
3638,31
3639,31
3640,28
3641,245
3642,146
3643,10
3644,22
3645,25
3646,18
3648,40
3649,49
3652,4725
3653,1242
3654,1379
3655,3632
3656,1126
3659,7
3660,15
3661,17
3665,174
3667,3392
3668,125
3669,31
3670,186
3671,13
3672,6
3673,642
3674,529
3675,10
3676,9
3679,172
3680,119
3681,59
3683,7
3684,82
3685,110
3686,191
3689,13
3690,7
3691,3
3692,71
3695,13
3701,1062
3702,4778
3704,7
3705,46
3706,90
3707,81
3710,156
3711,154
3712,10494
3713,2005
3720,30
3723,17
3724,8
3726,21
3727,66
3728,102
3729,68
3731,5887
3734,37
3735,10
3736,35
3737,265
3738,226
3743,42
3744,61
3745,94
3747,108
3750,449
3751,37
3752,51
3754,45
3755,19
3757,32
3758,9
3759,2031
3760,16
3761,80
3762,10
3763,10
3764,7
3765,22
3768,7
3769,3
3771,239
3772,143
3776,21
3778,7
3782,5924
3783,5549
3784,8001
3785,4959
3787,57
3791,2024
3793,63
3795,34
3799,19
3800,30
3801,45
3802,82
3805,127
3806,13
3807,21
3808,2
3809,96
3810,28
3811,25
3812,19
3813,9
3816,27
3817,7
3818,54
3819,5
3820,65
3821,56
3822,3
3823,17
3824,21
3825,4
3826,43
3827,15
3828,2
3829,72
3832,11
3833,46
3834,9
3835,18
3836,38
3837,19
3838,10
3839,9
3840,347
3841,1072
3842,19
3843,16
3844,4
3845,10
3846,4
3847,31
3848,1792
3849,49
3853,68
3854,28
3858,66
3859,152
3861,566
3863,31
3864,45
3866,14
3868,39
3869,2
3870,5
3873,8
3874,39
3875,36
3876,2
3877,8
3878,23
3879,5
3880,3
3881,22
3882,60
3883,21
3884,23
3885,4
3886,101
3887,508
3888,237
3889,118
3890,25
3895,34
3896,105
3898,52
3900,9
3901,5247
3902,22
3905,15
3906,39
3907,162
3908,48
3909,6
3910,30
3911,76
3912,28
3913,37
3914,190
3915,26
3916,89
3917,58
3918,400
3919,87
3920,16
3921,46
3922,36
3923,31
3927,4173
3929,31
3930,31
3931,555
3932,6
3935,27
3936,22
3937,5
3939,157
3940,98
3941,92
3942,19
3944,159
3945,26
3946,42
3947,4
3948,227
3950,22
3951,27
3952,46
3953,51
3954,335
3956,1924
3958,4251
3960,15
3962,400
3963,64
3964,63
3965,1116
3968,23
3969,11
3970,220
3972,1341
3973,3
3974,1852
3975,4
3976,59
3977,70
3980,43
3981,62
3982,16
3983,11
3989,15
3990,37
3991,94
3992,151
3995,73
3998,48
3999,82
4000,41
4003,24
4004,104
4009,26
4010,282
4011,55
4012,321
4013,20
4014,8
4015,2304
4017,13
4021,852
4023,31
4024,26
4025,33
4026,1819
4027,148
4028,1137
4031,31
4033,245
4034,44
4037,775
4038,569
4039,287
4042,38
4044,14
4049,12
4050,27
4051,19
4052,483
4053,1090
4054,13
4056,51
4057,86
4058,23
4059,9402
4060,72
4061,58
4062,22
4063,7924
4066,427
4067,10
4068,8
4069,230
4070,60
4071,54
4073,14
4074,17
4075,60
4078,250
4080,670
4081,6052
4082,432
4083,14
4084,30
4085,6
4086,75
4087,1997
4088,2
4091,93
4094,955
4095,79
4096,2
4097,3
4098,14
4099,31
4101,2
4103,23
4104,13
4106,3152
4107,3205
4112,8
4113,28
4114,62
4119,8
4121,4
4124,80
4126,10
4127,70
4129,5
4130,560
4131,1
4132,17
4134,2064
4136,459
4138,92
4147,74
4149,35
4150,32
4151,1400
4154,59
4155,4387
4156,529
4157,13
4158,74
4161,19
4162,122
4163,1863
4164,39
4166,187
4173,76
4176,23
4177,3007
4178,25
4181,17854
4182,4891
4183,4
4186,4433
4187,41
4188,678
4189,244
4190,34
4191,35
4192,3019
4195,1114
4196,1740
4197,159
4198,27
4199,21
4200,116
4201,8
4202,46
4205,568
4208,21
4209,142
4210,20
4211,7
4213,61
4214,10285
4218,2
4220,2
4224,24283
4232,276
4240,7
4242,2
4244,4
4246,1701
4250,20
4252,19
4260,26
4262,1275
4264,61
4266,15
4278,58
4280,5228
4282,5002
4286,6
4298,9
4304,197
4306,9
4310,19
4312,136
4314,9
4316,8
4318,25
4320,162
4331,4
4332,10
4334,706
4339,20
4340,29
4342,139
4350,51
4353,272
4355,71
4356,54
4357,36
4358,352
4360,144
4361,161
4362,366
4363,104
4364,36
4365,85
4369,20
4371,13
4375,52
4378,37
4379,33
4382,10531
4383,24
4385,37
4386,23
4387,36
4388,23
4389,56
4390,17
4391,23
4392,14
4393,26
4394,16
4395,16
4396,17
4397,17
4398,81
4399,165
4400,22
4406,31
4411,14
4415,1627
4416,42
4417,4
4418,28
4419,45
4420,17
4421,243
4427,5
4437,6009
4439,16
4440,1
4443,160
4444,63
4447,1006
4450,354
4451,36
4452,12
4454,463
4458,105
4460,226
4461,68
4462,39
4463,48
4467,68
4468,11
4469,353
4470,4
4471,37
4472,5089
4473,753
4475,70
4476,86
4477,3605
4479,29
4480,27
4481,35
4483,381
4484,7
4485,6
4486,19
4487,38
4488,33
4489,25
4490,21
4491,137
4492,56
4493,71
4494,66
4495,6
4496,31
4497,9
4498,21
4502,322
4503,192
4504,7
4508,191
4509,19
4511,11
4513,45
4514,50
4515,21
4521,2
4522,14
4524,32
4531,33
4532,12
4533,17
4534,9
4535,1789
4536,8
4537,18
4540,113
4541,48
4544,1
4547,1
4548,1833
4549,203
4550,1478
4551,2673
4553,8
4554,10
4555,72
4556,11
4557,7
4558,35
4560,8
4561,13
4562,36
4563,20
4565,3033
4566,68
4567,32
4574,2
4575,6
4578,19
4581,2812
4584,57
4586,49
4590,188
4591,42
4596,910
4597,6
4598,4
4599,18
4600,191
4601,39
4603,13
4604,16
4606,20
4607,137
4608,28
4614,6
4615,12
4616,20
4617,38
4618,1484
4621,1
4638,14
4639,32
4640,5
4644,15
4645,17
4646,120
4650,183
4651,16
4653,72
4654,11354
4657,310
4660,12
4662,593
4663,88
4664,282
4667,112
4672,2137
4675,31
4680,5
4681,3
4682,3
4684,1
4685,76
4688,35
4689,73
4690,88
4692,28
4693,13
4697,34
4698,109
4699,41
4700,14
4701,57
4703,63
4705,1231
4709,6
4712,195
4713,559
4714,71
4715,711
4717,25
4718,203
4719,1784
4720,1459
4722,5854
4723,2
4725,5351
4726,2296
4729,25
4730,47
4731,15
4732,79
4733,5
4737,6
4742,23
4744,4662
4752,11024
4756,33
4760,1061
4761,10
4763,146
4765,688
4772,455
4773,18
4774,25
4775,23
4782,5
4786,430
4789,3657
4790,1
4792,880
4793,1441
4794,404
4795,677
4798,597
4799,32
4800,37
4801,7
4802,9
4803,18
4804,152
4807,15
4808,13
4810,44
4811,647
4813,22
4814,4761
4816,63
4817,13
4818,13
4819,8
4820,16
4821,19
4822,5
4823,47
4824,13
4825,7
4827,90
4832,8
4833,15
4834,14
4835,7171
4840,26
4841,11
4842,14
4848,16
4849,40
4851,82
4852,18
4853,34
4854,10
4855,12
4856,8
4866,1397
4867,28
4868,32
4872,1812
4874,499
4876,25
4879,682
4884,2712
4886,606
4890,86
4896,4638
4898,15583
4901,4234
4903,931
4905,2
4907,8
4908,69
4910,403
4917,9
4918,1974
4921,14
4923,11
4926,40
4927,4
4928,7
4929,9
4933,7
4934,19
4935,21
4936,84
4938,2043
4939,49
4940,4
4941,3
4943,24
4946,47
4948,18
4961,18
4962,111
4966,48
4967,6
4970,2881
4975,7862
4981,2255
4983,265
4985,879
4991,11
4997,230
4999,5518
5002,9
5005,287
5006,19
5013,7
5014,24
5016,115
5017,52
5018,6
5019,89
5020,444
5022,10
5023,6
5025,81
5027,71
5028,1274
5029,515
5030,4532
5031,95
5032,150
5034,2227
5036,30
5037,68
5039,1731
5040,2704
5041,773
5042,2038
5043,33
5045,478
5049,28
5051,60
5052,12
5053,39
5054,63
5056,139
5060,4728
5065,986
5070,60
5071,4
5072,357
5074,1302
5075,24
5079,2569
5080,384
5081,16188
5082,15
5084,206
5085,194
5088,9
5089,2
5090,12
5091,23
5096,63
5097,378
5098,9
5101,44
5104,12
5107,25
5108,16
5109,42
5112,3418
5114,24574
5116,950
5117,25
5118,3181
5129,16
5131,8
5132,88
5133,13
5136,32
5140,3
5141,357
5143,6
5147,99
5150,2550
5151,4
5152,1624
5153,15
5154,12
5155,182
5157,31
5158,189
5159,8
5160,12
5162,2192
5163,987
5164,86
5165,89
5167,22
5168,164
5172,174
5173,34
5177,3119
5178,1314
5184,1
5189,10
5190,8
5191,28
5192,2
5193,7
5194,297
5196,286
5197,19
5199,188
5200,45
5201,23
5203,35
5204,4452
5205,4199
5207,2
5208,41
5209,83
5210,52
5211,65
5212,91
5213,58
5214,90
5216,574
5217,33
5220,1101
5223,18
5225,141
5226,149
5228,568
5231,1060
5232,11
5233,946
5234,6
5235,6
5237,17
5238,20
5240,1
5241,2
5244,410
5246,11
5249,6
5250,16
5251,420
5252,1249
5256,344
5258,3677
5259,72
5260,4
5262,2648
5263,32
5265,103
5266,18
5267,28
5270,105
5272,10
5273,29
5274,6
5276,9
5277,5221
5278,7
5279,1997
5281,73
5285,12
5287,17
5288,114
5289,24
5290,96
5291,161
5292,7
5293,11
5296,25
5298,239
5299,9
5300,4617
5303,4
5304,46
5305,420
5306,741
5307,495
5308,37
5310,946
5311,19
5314,8
5315,117
5316,139
5321,59
5322,29
5324,71
5330,12
5332,349
5333,649
5337,517
5341,8506
5342,3033
5343,19
5344,7
5347,384
5348,401
5351,165
5353,15
5355,3450
5356,4526
5365,1827
5369,303
5372,19
5374,1
5375,16
5383,27
5386,91
5391,1508
5393,25
5395,8
5396,3
5397,187
5398,21
5399,25
5400,9
5401,26
5402,17
5403,22
5408,15
5411,25
5415,17
5419,354
5420,592
5421,29
5423,9
5424,181
5427,76
5439,12
5440,7
5447,9
5449,15
5454,631
5455,65
5458,498
5460,1040
5462,274
5464,275
5466,14
5468,2
5469,32
5472,15
5473,2
5474,6
5475,11
5476,6
5477,4
5478,2
5484,71
5485,184
5492,12
5493,362
5494,38
5496,63
5501,81
5503,9
5504,617
5505,275
5507,2692
5515,5
5520,27
5521,1527
5522,36
5525,4867
5526,1370
5529,292
5530,7562
5534,6
5535,4
5538,617
5539,110
5540,6
5541,5
5542,4
5543,4
5544,8
5545,17
5546,8
5547,2
5548,9
5549,55
5550,11
5551,5
5552,4
5553,5
5554,2
5555,5
5556,5
5557,6
5558,15
5559,5
5560,12
5561,12
5563,10
5564,12
5565,11
5566,12
5567,4
5568,38
5569,15
5570,16
5571,3
5572,16
5573,8
5575,8
5576,56
5578,58
5581,2
5583,210
5584,12
5585,12
5586,9
5587,5
5588,8
5589,18
5590,21
5593,2371
5594,1
5597,820
5600,8
5602,11
5603,62
5605,20
5606,3
5607,6
5608,7
5609,16
5610,8
5611,9
5612,9
5613,38
5614,10
5618,9
5620,20
5621,3
5622,20
5624,110
5628,3
5629,9
5630,10667
5631,21
5632,32
5636,3
5640,8
5643,68
5644,50
5645,27
5646,27
5647,11
5648,5
5649,20
5651,60
5652,38
5653,70
5656,108
5658,66
5661,16
5662,24
5663,8
5664,8
5665,5
5667,3858
5670,364
5671,1802
5673,12
5674,32
5675,1140
5678,2642
5680,16064
5681,9730
5682,4772
5684,172
5686,77
5687,10
5688,23
5689,7
5690,3070
5691,174
5693,3
5702,985
5710,68
5712,170
5713,1139
5715,42
5717,1350
5719,706
5723,26
5725,56
5733,30
5734,2063
5742,33
5743,81
5751,424
5753,122
5755,23
5760,8
5762,357
5763,21
5764,3076
5772,1622
5773,10
5774,1255
5781,2519
5783,9
5784,672
5785,73
5799,13
5802,50
5809,1
5810,1
5811,20
5812,15
5813,35
5814,27
5819,69
5821,3
5826,38
5828,28
5829,5
5830,7
5832,97
5833,8
5834,6
5835,1064
5838,17
5841,1
5842,41
5844,142
5845,150
5848,13
5849,64
5854,24
5859,138
5862,9
5865,55
5868,21
5869,18
5870,13
5871,15
5872,14
5873,24
5874,10
5875,46
5876,8
5877,15
5878,5
5880,35
5883,29
5886,6
5889,20
5890,82
5891,31
5895,4
5900,5
5902,934
5904,28
5907,14
5908,1
5909,4355
5914,849
5916,1
5917,8
5918,74
5920,7
5921,3
5922,8
5923,4
5924,34
5925,1
5926,13
5927,1
5928,1
5929,11
5930,4
5931,4
5933,3
5934,4
5935,6
5936,10
5938,19
5940,3594
5941,1555
5943,2
5945,183
5947,965
5953,30
5955,1879
5956,2
5957,1097
5958,8765
5959,277
5962,425
5967,94
5968,82
5973,952
5978,1348
5983,133
5984,561
5986,3
5987,2
5990,7
5992,10
5993,63
5994,2
5996,262
5997,4
5998,251
6000,11
6007,4048
6008,54
6012,5
6015,8
6016,247
6018,1
6023,2357
6024,480
6025,21
6028,18
6030,3300
6031,14
6032,141
6033,4091
6038,44
6041,107
6045,11537
6046,1304
6050,437
6055,10
6056,9
6060,3
6061,13
6062,13
6063,1
6064,1096
6065,1
6067,1
6068,61
6069,36
6071,2
6072,3
6073,1
6074,2
6075,9
6076,17
6077,4
6078,1
6087,16
6090,24
6091,1
6093,8
6094,33
6095,7
6096,7
6097,18
6098,1146
6107,19
6112,755
6114,3059
6115,805
6116,12
6117,45
6119,3
6120,40
6122,141
6124,1
6127,2519
6129,400
6130,20
6131,13
6133,4
6137,75
6148,167
6150,2
6151,1085
6152,316
6153,186
6154,218
6156,2
6162,396
6163,862
6164,1418
6165,872
6166,3809
6169,209
6171,1536
6172,577
6178,1582
6181,22
6182,45
6183,10
6184,22
6187,954
6189,44
6194,220
6195,1
6198,348
6199,118
6201,5005
6202,8
6203,1207
6205,6595
6206,3
6209,148
6211,3833
6213,8125
6215,70
6217,67
6219,68
6220,72
6226,94
6227,46
6229,6
6230,4
6231,357
6234,343
6235,55
6245,30
6246,55
6251,49
6261,2
6262,10
6266,18
6267,2
6268,3
6270,7
6271,2
6272,3
6273,1
6275,257
6276,75
6277,7
6280,1072
6281,60
6286,98
6287,1112
6288,1861
6291,1326
6293,40
6297,22
6299,154
6303,10
6305,64
6310,10
6311,15
6312,57
6318,28
6324,5106
6325,4943
6327,68
6328,44
6330,382
6331,17
6336,838
6337,64
6344,466
6346,47
6347,12137
6351,7911
6355,36
6361,1027
6366,3
6368,221
6372,5128
6374,19
6375,19
6377,1874
6379,215
6380,573
6381,2126
6383,7
6384,2
6385,342
6390,13
6392,695
6397,9
6399,596
6401,680
6402,87
6408,1535
6412,8
6413,10
6418,186
6419,6
6421,2846
6422,62
6425,582
6428,3
6431,17
6437,82
6438,496
6443,435
6444,2271
6447,2
6448,4
6452,11
6460,69
6462,17
6463,26
6465,144
6467,967
6468,10
6472,22
6479,845
6481,2
6482,1
6484,8
6489,994
6491,40
6492,8
6496,41
6500,4301
6505,591
6509,30
6511,55
6512,6928
6513,15
6517,4
6518,14
6519,4
6520,6
6522,3
6523,1
6524,1
6525,25
6527,63
6528,1
6531,94
6533,70
6535,68
6546,207
6547,27183
6548,1153
6553,892
6554,24
6555,167
6557,18
6558,103
6560,20
6566,88
6567,54
6568,5
6571,1
6572,2379
6573,9841
6574,1604
6577,3
6579,4
6581,461
6582,141
6583,4
6586,1176
6587,211
6590,157
6591,393
6593,2
6594,5317
6604,36
6607,114
6609,234
6610,1748
6616,55
6622,24
6624,891
6625,5
6628,118
6629,4
6630,2
6633,1260
6634,1809
6635,110
6636,6
6637,3950
6641,87
6645,1437
6653,30
6654,25
6657,129
6658,4
6666,129
6667,43
6670,11
6671,3
6672,9
6674,12
6675,4203
6676,2229
6680,24
6682,5846
6684,15
6685,42
6686,70
6687,1
6688,7
6689,69
6690,91
6691,62
6692,123
6693,8
6694,140
6695,9
6701,6
6702,12344
6704,485
6705,218
6707,9855
6709,364
6712,485
6713,154
6714,487
6718,16
6721,76
6726,105
6727,2
6728,9
6730,3
6731,7
6733,16
6734,12
6735,12
6736,212
6741,164
6743,118
6746,18758
6747,5174
6748,325
6749,178
6758,885
6759,1
6760,1
6761,1
6762,3
6768,809
6769,47
6771,5
6772,3011
6773,4616
6774,907
6777,25
6779,14
6783,298
6787,235
6791,1451
6792,30
6793,2818
6794,292
6795,389
6796,3
6797,12
6798,21
6800,42
6802,2333
6809,97
6811,3778
6822,6
6823,14
6827,12
6828,9
6829,7
6830,11
6831,16
6832,15
6833,13
6834,11
6835,17
6836,13
6837,12
6838,18
6839,11
6840,11
6841,9
6842,8
6843,10
6844,12
6846,9
6847,8
6848,9
6849,16
6850,12
6851,8
6852,17
6855,12
6856,37
6857,16
6861,26
6862,4106
6864,1513
6867,1114
6868,4
6872,31
6875,654
6877,365
6878,86
6880,16897
6882,683
6883,95
6884,1646
6885,245
6889,4
6890,65
6891,81
6892,129
6893,749
6895,3460
6896,1588
6899,16
6900,7
6901,11
6902,4
6903,9
6904,768
6907,5
6909,49
6917,2
6918,601
6919,640
6920,508
6922,5247
6927,688
6930,42
6932,45
6935,28
6937,11
6939,18
6941,207
6942,3
6945,1316
6946,346
6947,28
6948,1315
6950,39
6951,927
6953,81
6954,1860
6956,7041
6958,489
6959,160
6964,172
6965,4
6970,7
6971,8
6973,607
6974,2682
6975,11
6978,24
6979,724
6980,203
6981,1
6984,498
6985,127
6986,125
6987,2776
6988,50
6989,2
6992,43
6993,25
6994,14
6999,197
7004,48
7014,131
7016,337
7017,2011
7020,5
7021,12
7022,17
7024,34
7025,31
7026,18
7027,17
7028,16
7029,19
7030,20
7031,24
7032,14
7041,317
7044,805
7045,87
7048,27
7052,3
7053,382
7054,15391
7058,1792
7059,8006
7060,80
7062,631
7066,279
7071,15
7079,2207
7081,72
7082,1631
7083,162
7088,9223
7090,7
7092,4
7103,408
7106,7
7108,158
7109,2
7110,472
7112,12
7113,180
7117,13
7122,9
7124,6
7135,307
7139,9
7144,65
7148,4531
7152,38
7154,5
7155,13
7156,14
7157,12
7158,12
7160,5
7162,4
7164,10
7169,17
7170,20
7171,40
7174,43
7175,2
7176,92
7177,1
7178,109
7179,92
7189,2
7192,16
7193,2180
7211,1
7216,3
7222,751
7229,17
7230,49
7243,24
7244,10
7245,4
7247,5
7248,113
7252,10
7254,52
7255,14
7257,12
7258,19
7259,19
7261,109
7262,79
7264,53
7265,78
7266,124
7268,107
7270,238
7273,12
7276,102
7279,166
7285,6
7290,12
7294,5
7295,67
7296,22
7303,113
7304,216
7305,146
7307,12
7308,26
7311,9576
7314,11
7322,500
7329,48
7330,36
7333,61
7334,378
7336,24
7337,1554
7338,6215
7343,5
7354,2
7363,70
7364,15
7366,15
7367,1153
7374,3
7375,815
7376,3
7377,224
7395,14
7396,514
7398,1
7405,11
7411,519
7415,32
7416,6
7419,3
7420,2
7423,18
7427,31
7430,73
7435,13
7436,14
7445,9
7446,10
7448,3
7449,13
7450,7
7451,9
7452,1
7453,122
7455,32
7456,175
7458,58
7459,1
7461,2
7463,321
7465,2446
7466,25
7468,310
7471,152
7472,2160
7473,1
7474,349
7475,41
7477,9
7479,2
7482,6
7485,9
7488,12
7491,11
7494,5
7495,3
7496,16
7497,8
7498,4
7500,2
7501,3
7504,17
7510,13
7511,3
7512,9
7518,45
7522,9
7523,5
7524,7
7525,1
7526,2
7527,2
7528,6
7529,3
7530,7
7531,2
7532,5
7536,25
7540,195
7547,4
7549,160
7550,152
7551,4
7559,1056
7561,69
7568,284
7569,20
7571,31
7573,68
7575,3
7578,34
7579,99
7580,1130
7581,74
7582,42
7583,85
7588,1007
7590,3041
7591,140
7592,4416
7593,9357
7596,758
7597,175
7598,520
7601,5
7605,9
7610,20
7611,47
7612,64
7616,2
7617,9
7619,13
7621,8
7625,4
7626,7
7627,2060
7629,1
7633,2
7639,1
7645,289
7646,1
7647,5732
7651,65
7654,128
7655,1058
7659,36
7661,1397
7662,3038
7664,18
7666,28
7667,10
7668,151
7669,782
7674,8606
7681,1
7683,1
7691,36
7695,1257
7696,3
7697,4
7698,3
7705,810
7708,45
7709,3
7711,4512
7712,79
7713,3
7715,2
7718,28
7720,900
7721,4
7723,64
7724,8208
7728,509
7729,8
7730,147
7739,1711
7740,351
7744,283
7745,199
7748,900
7750,1
7751,3
7752,3
7759,87
7761,13
7762,396
7768,817
7769,6157
7770,88
7771,3
7774,240
7775,15
7779,4
7781,2
7782,557
7785,2091
7786,14
7791,9533
7793,12
7803,2
7805,1536
7807,7
7808,5
7809,29
7810,10
7811,21
7816,12
7817,8486
7818,4
7836,2
7839,7
7843,7
7844,3
7845,5
7856,3
7857,187
7858,3198
7861,56
7862,24
7864,6
7867,4
7870,1318
7875,478
7876,11
7877,23
7882,105
7897,543
7900,7
7902,1198
7904,20
7908,4
7914,3
7915,8
7939,6
7953,44
7955,3
7956,4
7960,1
7967,3
7969,116
7972,185
7980,3
7981,3
7982,4
7985,4
8011,7
8017,44
8022,158
8023,1256
8025,3
8026,214
8038,1156
8039,125
8041,2
8042,27
8057,514
8062,201
8063,1735
8064,46
8065,7
8068,445
8074,23065
8078,450
8079,7
8081,2
8086,4621
8092,19
8097,99
8098,281
8100,1497
8101,626
8108,26
8109,23
8110,267
8111,68
8115,393
8120,28
8123,5
8129,4243
8130,3
8132,23
8133,123
8134,47
8139,6
8140,19
8141,7
8142,1863
8143,1
8145,4
8146,6
8149,3
8150,1
8152,2
8153,1
8154,3
8155,1
8156,1
8157,1
8158,1
8162,14
8171,472
8176,1
8178,16
8179,1
8180,8
8181,11
8182,4
8183,7
8184,2
8187,734
8189,1
8190,872
8191,1
8192,1
8194,8
8195,2
8196,3
8197,761
8205,1
8206,107
8208,30
8211,544
8213,7
8214,13
8215,4
8216,9
8217,83
8218,1
8220,5
8226,5
8227,1
8228,17
8229,1
8230,395
8231,269
8233,2
8234,101
8235,52
8239,4
8240,6
8241,669
8243,1
8245,54
8246,4542
8247,4936
8248,72
8249,70
8250,56
8252,12
8258,1
8275,16
8277,3988
8278,143
8285,10
8287,52
8289,101
8290,40
8291,166
8292,74
8293,111
8294,49
8297,168
8302,1064
8304,17
8310,530
8311,1437
8312,44
8314,10
8316,6
8317,204
8324,6
8331,328
8332,10
8333,20
8337,144
8339,301
8345,1
8346,1
8348,635
8353,2
8355,2
8356,2
8357,2
8358,79
8359,58
8360,52
8361,38
8362,56
8363,41
8364,42
8365,28
8366,29
8367,27
8368,30
8369,36
8372,1
8373,84
8375,8
8394,106
8403,1
8407,6601
8408,5328
8409,4
8410,219
8415,3
8416,1
8417,1
8422,1114
8423,57
8424,5947
8425,7064
8426,1388
8431,9
8436,2
8438,199
8440,1668
8442,3
8443,8
8446,9
8449,2025
8450,5
8451,1
8456,432
8457,774
8460,4881
8464,7
8465,1357
8471,4
8475,643
8476,2342
8478,2
8479,2140
8481,809
8486,9
8487,302
8490,217
8491,141
8492,1
8493,2
8494,1
8495,4
8496,4
8500,5
8501,1
8503,4
8507,354
8514,2720
8516,7917
8518,91
8520,1
8521,1
8522,1
8523,5
8524,3
8525,11791
8526,70
8532,1063
8533,15
8536,3356
8538,16
8539,4
8542,9
8546,13
8547,11
8548,10
8550,12
8551,11
8553,8
8554,5
8557,3423
8560,978
8561,2
8563,1
8567,1
8574,7
8577,1959
8584,9
8595,1
8598,9
8599,550
8603,26
8604,15
8609,380
8619,266
8624,702
8626,40
8628,28
8630,6850
8632,15
8634,1724
8635,155
8643,7
8644,2
8645,3
8646,27
8647,17
8648,156
8651,92
8652,56
8653,64
8654,57
8655,90
8659,11
8660,2
8661,7
8663,10
8664,5
8666,286
8667,9
8668,308
8669,8
8670,1
8671,3
8675,7883
8676,5497
8677,5
8678,6
8679,7
8680,9
8681,7
8682,11
8685,2
8689,26
8696,5
8697,11
8701,27
8704,16
8705,110
8706,6
8707,5
8709,149
8710,28
8713,61
8716,9
8717,17
8718,6
8719,6
8722,17
8723,2
8724,4
8726,1016
8728,769
8729,5
8730,7
8731,11
8732,4
8733,6
8740,1849
8743,51
8745,4
8749,3
8751,11
8752,5
8753,6
8754,99
8756,323
8763,2
8764,2
8765,6
8767,79
8768,2542
8769,13825
8772,8
8773,7
8774,3
8777,2
8778,4
8782,16
8783,5
8786,4
8792,424
8795,5830
8799,1
8800,151
8812,7
8815,25
8829,1
8832,1
8837,82
8839,32
8840,162
8841,12037
8842,2
8848,2
8853,1
8855,10
8857,1762
8861,6687
8862,1
8876,2109
8879,1
8883,1
8888,3352
8889,5
8890,4
8891,2
8894,253
8896,7
8897,1
8898,12
8899,3
8900,7
8908,150
8909,189
8915,2886
8917,1263
8918,813
8919,8
8920,8
8921,28
8925,37
8928,5
8934,2236
8935,28
8936,31
8937,7487
8939,158
8949,15
8950,24
8952,59
8953,5
8955,2
8956,5
8957,3
8958,4
8959,2
8960,6
8961,100
8963,8
8964,9
8965,16
8966,17
8967,1
8968,11
8972,27
8985,333
8986,407
8987,82
8993,13
8995,407
8999,5
9000,987
9001,157
9002,230
9005,102
9006,42
9007,1
9008,46
9009,55
9013,16
9014,818
9015,7
9023,561
9028,5
9032,254
9035,65
9040,125
9041,10608
9043,4
9045,22
9047,2019
9053,13
9055,785
9056,104
9061,2
9062,2613
9063,1148
9065,2123
9070,2
9074,3421
9077,6
9078,4
9087,10
9088,146
9091,33
9095,12
9098,10
9100,28
9106,5
9107,1013
9117,1442
9119,15
9120,1104
9121,81
9124,189
9127,61
9130,1085
9135,3794
9136,2523
9154,9
9159,371
9163,7
9164,5
9165,5
9166,5
9167,112
9170,147
9172,5
9175,1
9177,6
9181,5762
9200,10
9201,1922
9202,662
9203,966
9204,171
9205,177
9211,38
9212,1
9213,1055
9220,374
9221,14
9228,2
9232,196
9239,4
9241,188
9242,2
9243,2
9244,2
9252,2543
9253,19283
9254,21
9257,6
9260,973
9264,13
9270,5
9274,13
9279,6
9282,12
9284,1
9287,33
9288,127
9289,4500
9290,29
9291,18
9292,3
9303,4
9304,1
9308,424
9309,71
9310,99
9311,164
9312,92
9314,2128
9316,4
9317,8
9318,14
9322,374
9324,20
9325,8
9326,31
9327,37
9328,159
9330,4362
9331,3576
9332,1231
9333,254
9334,1
9335,491
9337,8
9338,2
9339,1
9340,16
9341,6
9342,5
9343,3
9344,7
9345,3
9346,15
9347,979
9348,9
9349,2
9351,1
9352,4
9353,157
9355,1437
9356,12
9361,36
9362,853
9365,9
9366,2680
9367,6660
9371,1
9375,64
9376,3
9379,5469
9383,1
9385,9
9387,1
9388,1
9389,3
9390,3
9391,1
9392,3
9393,110
9395,18
9396,588
9403,2
9404,1
9409,6
9416,3
9417,4
9421,6
9423,12
9424,7
9426,1
9433,5
9434,65
9435,185
9438,1
9441,865
9442,107
9445,3
9446,1
9447,1
9451,2
9455,3
9464,2
9465,2456
9467,53
9471,3535
9479,2223
9486,16
9487,89
9488,1
9491,20
9493,327
9494,30
9495,11
9496,3
9498,1
9499,4
9500,1
9501,6
9502,39
9503,2
9504,2
9506,71
9507,5
9509,9
9510,1357
9513,5871
9515,7766
9518,4
9519,6
9520,4
9521,10
9522,3
9523,102
9525,3
9526,1
9528,16
9531,5
9533,1
9535,3
9536,3
9539,682
9540,1
9542,6
9544,562
9545,78
9546,3
9547,62
9548,35
9549,32
9558,7
9561,26
9562,3
9563,389
9566,37
9568,45
9575,5
9581,1031
9584,4
9587,2250
9588,53
9591,271
9595,19
9598,721
9599,51
9600,51
9606,1
9608,381
9611,376
9613,3
9617,4825
9618,1300
9624,1221
9627,7
9629,30
9630,122
9638,146
9645,7
9646,15
9650,11
9656,7869
9662,4
9665,1
9667,30
9673,48
9675,1800
9689,5
9690,704
9691,3
9693,596
9706,156
9708,56
9712,1510
9716,118
9718,52
9721,175
9723,339
9724,2350
9731,648
9732,38
9733,78
9734,2476
9735,475
9736,3205
9737,156
9741,548
9744,286
9745,819
9748,3
9749,1
9750,2644
9751,908
9754,328
9756,16851
9759,2
9760,2725
9761,367
9768,4
9770,6
9773,21
9774,296
9776,2155
9777,23
9778,89
9781,2
9782,296
9785,60
9786,51
9789,12
9790,3161
9792,3
9793,405
9794,16
9795,3
9796,2
9797,2
9798,52
9799,10
9801,13
9806,9
9807,2
9810,1
9811,1
9812,2
9817,2
9818,1
9819,2
9820,2
9821,1
9822,6
9824,16
9825,1
9826,5
9829,4
9832,2
9834,2106
9837,5
9839,66
9846,63
9849,148
9850,10
9851,16
9855,18
9856,1
9857,9
9858,12
9861,24
9862,3
9863,2097
9865,268
9866,1
9868,5
9869,1
9874,348
9875,117
9878,1
9879,3
9880,6
9881,6
9882,4
9883,13
9884,6
9885,1
9886,1
9887,13
9888,721
9890,605
9893,161
9895,30
9900,5
9902,1
9903,1
9904,44
9905,1
9906,1
9907,458
9910,8
9911,652
9916,3
9917,764
9919,21204
9922,1753
9924,209
9925,1776
9926,4324
9930,440
9931,22
9934,391
9935,26
9936,3940
9938,1315
9939,20
9940,40
9941,3344
9943,6
9944,2
9948,3
9949,2
9950,4
9951,11
9952,2
9955,1
9956,1
9957,2
9958,1087
9959,5
9963,816
9965,2
9967,17
9968,82
9969,3673
9970,158
9972,5
9973,2
9976,11
9978,4
9979,105
9981,1933
9982,3366
9988,368
9989,16993
9990,9
9991,3
9993,3
9996,62
9998,1
9999,1294
10000,2
10003,26
10005,14
10012,2457
10013,22
10014,51
10015,541
10016,191
10017,774
10020,5605
10028,58
10029,1965
10030,6164
10033,741
10036,12
10039,1
10040,2
10043,30
10044,1
10045,4
10048,62
10049,3204
10050,126
10055,29
10056,1
10057,1
10058,3
10059,1
10060,1
10061,2
10067,7032
10073,2304
10074,200
10075,1197
10076,2090
10077,1
10079,3666
10080,9235
10083,1856
10087,14224
10090,159
10092,2257
10098,193
10101,43
10104,36
10105,6
10106,127
10108,487
10109,521
10110,7879
10112,1
10113,4
10114,4
10115,6
10116,16
10118,4
10119,1754
10122,366
10132,14
10135,5
10136,3
10137,3
10138,4
10139,4
10149,3
10152,1944
10153,450
10155,3620
10156,1905
10161,6338
10162,6958
10163,6259
10165,5825
10172,1496
10177,57
10178,253
10180,61
10187,953
10189,437
10191,549
10194,10
10196,837
10197,896
10199,4
10200,1
10201,75
10202,12
10203,2
10207,36
10209,3517
10210,3
10213,4041
10216,1659
10217,122
10218,3282
10219,538
10224,7
10232,585
10236,2
10237,1
10238,2
10239,1
10241,3
10242,1
10244,1
10245,1
10246,2
10247,1
10249,883
10250,2
10256,19
10257,143
10258,175
10259,6
10260,287
10261,3
10262,19
10263,84
10270,2
10271,1930
10276,119
10278,2017
10280,82
10282,2
10285,2
10286,31
10294,1317
10297,154
10298,2194
10301,120
10302,266
10304,2
10306,18
10308,1022
10313,10
10319,5
10321,4080
10323,2
10324,55
10325,66
10327,51
10330,250
10334,190
10335,2
10336,789
10338,170
10342,13
10346,10
10347,13
10348,270
10349,6
10350,526
10351,170
10353,1
10354,21
10355,10
10357,2041
10359,16
10360,2
10361,62
10368,4
10369,2
10370,159
10372,1874
10373,15
10375,6
10378,1780
10379,3759
10380,436
10384,90
10389,959
10390,161
10391,216
10392,74
10396,5691
10397,3051
10405,114
10406,93
10407,6
10408,6954
10409,6
10417,1275
10418,4014
10419,129
10420,44
10421,83
10424,27
10429,48
10431,958
10435,1
10436,11
10444,510
10445,393
10447,1970
10448,546
10456,2823
10457,108
10458,114
10459,3
10460,2547
10463,17
10464,1619
10465,875
10466,3
10469,331
10470,708
10471,31
10477,380
10479,245
10481,9
10483,208
10488,130
10490,3990
10491,1865
10495,4548
10497,551
10500,446
10501,175
10502,209
10504,303
10507,536
10509,3
10511,18
10513,79
10516,92
10519,647
10520,37
10521,4982
10524,11
10525,13
10526,26
10527,40
10528,37
10531,257
10532,376
10533,1
10534,52
10536,949
10539,2
10540,3
10541,2
10545,153
10546,61
10547,405
10549,50
10552,43
10553,142
10554,3
10562,6
10563,1
10564,1
10568,4278
10570,52
10572,1697
10573,225
10575,33
10578,3714
10581,132
10582,1145
10584,26
10585,10
10586,17
10588,4508
10589,3890
10590,92
10592,46
10594,3
10595,2
10602,1
10603,2
10604,1728
10607,5
10611,2096
10620,21826
10622,741
10623,4
10624,1031
10627,7
10628,197
10629,91
10633,1
10638,1860
10639,9
10643,512
10647,1810
10648,2
10653,2
10659,1337
10666,76
10668,195
10671,611
10674,13
10679,119
10681,1544
10683,186
10684,1
10685,1
10686,1637
10687,384
10688,23
10689,51
10690,112
10691,154
10693,46
10694,194
10695,120
10697,96
10701,4
10702,800
10703,290
10705,2
10706,2
10709,1
10710,54
10711,2928
10713,1098
10714,1019
10715,972
10716,939
10717,923
10718,15
10719,12945
10720,46
10721,4333
10723,10
10728,42
10731,235
10732,48
10735,23
10736,17
10737,565
10739,987
10740,710
10741,2
10742,6
10743,7
10751,8
10755,8
10756,1
10757,2
10758,4
10759,2
10760,2
10763,8
10764,80
10765,168
10766,100
10770,82
10774,5
10775,85
10779,190
10780,13
10790,7644
10792,81
10793,14568
10794,2990
10796,123
10798,2806
10799,144
10800,4466
10801,244
10802,4
10804,290
10805,2943
10807,158
10808,523
10810,102
10812,1
10813,12
10815,3
10819,72
10820,5
10821,94
10822,71
10823,57
10824,57
10825,80
10827,166
10832,97
10834,705
10838,283
10842,319
10845,281
10847,3
10849,150
10850,1
10851,159
10852,4
10855,2
10856,2
10859,55
10862,112
10863,7455
10869,12
10870,201
10882,3
10884,728
10886,153
10887,1
10889,1
10893,1234
10897,3845
10901,6
10904,11
10905,80
10906,79
10908,6
10909,1
10916,192
10917,180
10918,315
10920,233
10923,219
10924,324
10928,911
10933,679
10934,697
10935,134
10936,100
10938,46
10941,15
10943,1
10945,120
10947,90
10948,86
10949,62
10950,72
10953,2
10954,38
10958,232
10964,1
10965,1
10967,3
10979,25
10987,3
10989,1
10995,1
10997,1
10999,158
11001,279
11005,956
11009,213
11013,7667
11017,9
11019,240
11021,1907
11031,89
11033,357
11043,11
11049,3
11053,28
11061,8575
11065,115
11067,103
11069,107
11073,188
11077,1398
11079,1613
11083,391
11087,6
11093,2
11095,1
11097,1
11099,263
11101,3
11103,407
11111,20130
11113,1667
11123,3358
11135,684
11141,4
11161,925
11177,31
11179,4368
11185,73
11189,31
11197,1
11203,2
11209,968
11213,3
11221,2
11227,1350
11235,3248
11237,323
11239,407
11241,3334
11245,2
11255,346
11266,3005
11268,7
11269,3
11275,3
11281,17
11285,7594
11299,16
11307,13
11313,1227
11319,7255
11321,236
11339,626
11341,348
11349,74
11355,398
11357,7
11359,830
11371,1119
11375,446
11385,446
11389,10
11405,1
11411,24
11421,1
11433,6127
11441,542
11445,33
11447,14
11457,111
11465,53
11467,208
11469,48
11471,4
11483,149
11487,184
11491,1366
11497,1
11499,8693
11505,26
11507,302
11511,22
11521,8
11523,46
11525,1
11531,1082
11533,3
11537,9
11541,3
11543,67
11545,1
11547,41
11553,3541
11561,13
11569,25
11577,6509
11579,9
11583,288
11589,2
11593,1
11595,12
11597,10047
11609,1
11611,2
11615,443
11617,14538
11625,1
11633,8507
11635,99
11659,2
11661,36
11663,266
11665,3255
11673,2
11679,98
11681,1
11685,19
11687,65
11689,31
11691,52
11693,4
11695,2
11697,1154
11699,71
11701,4308
11703,4854
11705,313
11711,1
11713,1
11715,233
11717,36
11729,21
11731,1
11733,1
11735,29
11737,4145
11739,1774
11741,12047
11743,2245
11745,101
11747,77
11749,50
11751,1498
11755,291
11757,30583
11759,10722
11761,3852
11763,584
11767,3
11769,628
11771,11522
11773,92
11777,117
11783,2273
11785,5137
11787,35
11789,8
11791,4
11793,199
11795,30
11799,20
11807,64
11809,48
11813,646
11815,31
11825,7
11827,236
11829,4
11835,5
11837,2569
11841,5
11843,8190
11853,92
11855,69
11857,1
11859,603
11867,71
11869,36
11873,5
11879,388
11883,29
11887,9076
11889,568
11897,32
11911,25
11915,29
11917,574
11919,4
11933,4995
11959,1
11969,56
11977,3237
11979,3014
11981,4475
11995,3
11997,105
12001,363
12005,2
12015,512
12017,341
12021,336
12027,7
12029,820
12031,1103
12035,54
12037,1
12039,2
12049,3571
12053,785
12055,196
12057,203
12059,186
12061,11
12065,224
12067,420
12069,963
12079,1808
12091,3
12101,57
12113,2811
12115,2544
12117,667
12119,802
12121,58
12123,223
12131,91
12133,19
12135,24
12137,168
12139,1
12141,8
12143,166
12145,7
12149,1227
12157,86
12163,4
12165,1
12175,3266
12181,1
12185,2
12187,1222
12189,10523
12191,175
12221,96
12223,37
12225,37
12231,1340
12237,78
12239,195
12243,4
12255,1108
12259,3
12267,6
12279,9
12281,758
12291,4159
12293,5786
12295,8
12317,1592
12321,574
12337,5
12341,4
12343,49
12347,43
12351,8
12355,7709
12359,1
12361,18
12365,4974
12367,916
12371,2
12373,75
12375,180
12391,2
12393,3
12397,3
12399,4
12401,2
12403,3076
12411,179
12413,4458
12419,1018
12429,209
12431,954
12433,107
12437,211
12439,4
12441,4
12445,6210
12447,184
12449,573
12451,1
12455,117
12461,1808
12467,3724
12471,1718
12477,2747
12481,13
12483,9
12485,9
12487,1805
12497,4
12499,14
12501,233
12503,1297
12505,979
12521,11
12529,1
12531,4719
12549,6147
12551,5
12561,8
12563,4
12565,2101
12569,4
12579,104
12581,1215
12585,43
12589,5
12591,25
12599,39
12603,8
12611,304
12613,1
12623,61
12637,334
12643,1
12651,53
12657,3
12659,41
12661,29
12663,4
12665,440
12669,791
12671,670
12673,1236
12677,493
12679,1199
12683,36
12685,1704
12689,25
12695,850
12699,93
12709,106
12711,2192
12715,23
12723,13
12725,112
12727,56
12729,2686
12745,17
12753,1014
12755,43
12759,1
12763,1
12765,1
12767,1
12769,3
12771,2
12781,1
12783,1269
12789,2
12791,1
12793,1
12795,1
12799,1
12803,12
12807,1
12809,1
12815,414
12823,448
12833,1
12835,1
12851,5
12857,181
12859,3414
12861,2
12863,53
12865,46
12867,37
12875,323
12877,52
12879,698
12881,9
12883,2621
12885,17
12887,1
12893,2068
12895,1
12897,3
12899,3
12901,1
12903,1
12905,1
12907,125
12917,34
12919,7
12921,111
12929,336
12935,48
12951,2
12955,55
12957,77
12959,106
12963,16
12965,6
12967,3758
12971,3
12979,612
12981,1
12991,32
12993,7
12995,93
12997,249
13019,108
13029,23
13041,6
13047,13
13051,5
13053,68
13055,2434
13057,144
13073,120
13083,5
13085,4
13087,5
13089,5
13091,3
13093,970
13103,1
13115,931
13117,231
13119,156
13125,6270
13137,118
13139,99
13141,143
13143,40
13145,401
13153,28
13159,48
13161,5861
13165,1
13167,1
13169,217
13171,739
13173,146
13175,121
13177,1
13179,1
13183,291
13185,29
13195,10
13201,273
13203,634
13207,2
13215,84
13217,44
13219,94
13221,235
13223,97
13231,84
13233,12
13239,240
13245,147
13247,36
13249,20
13251,72
13253,121
13255,26
13259,99
13261,300
13263,670
13267,333
13271,1893
13281,67
13283,299
13287,43
13299,5
13303,2
13307,4
13309,81
13311,9
13325,44
13331,3277
13333,2604
13335,420
13349,374
13357,3501
13359,11
13365,3
13367,3712
13369,5
13373,90
13375,86
13377,956
13379,40
13391,1326
13403,2205
13405,91
13407,7
13409,650
13411,2493
13421,6
13423,3
13427,87
13429,633
13431,2
13433,1
13435,2
13439,19
13441,11
13449,2
13455,1
13459,1
13465,1
13469,3325
13479,45
13495,20
13497,1
13499,2
13501,1
13503,1
13505,2
13507,1
13509,1
13511,1
13513,20
13515,10
13517,166
13519,6
13535,4368
13541,5
13543,7
13551,1
13553,1
13559,52
13561,322
13563,39
13585,1577
13587,1411
13595,152
13599,3481
13601,14008
13619,90
13629,270
13639,134
13643,34
13655,3526
13659,8354
13663,4743
13667,4124
13669,44
13673,144
13675,107
13677,697
13679,44
13681,18
13691,64
13693,10
13709,870
13715,17
13727,223
13731,234
13755,12
13757,180
13759,11883
13767,297
13769,3
13781,2
13785,118
13789,13
13793,16
13795,10
13799,149
13807,2376
13817,1
13819,1
13821,1
13823,2
13827,2
13831,1
13833,629
13835,203
13837,190
13839,208
13843,38
13851,1381
13855,152
13857,6
13859,1071
13863,732
13917,22
13927,36
13931,120
13935,30
13937,48
13939,2672
13947,2
13955,29
13959,3
13965,15
13967,16
13969,53
13971,42
13983,22
13993,34
14007,11
14023,8
14027,2964
14039,2
14045,640
14047,40
14049,247
14059,15
14067,1
14069,4
14073,460
14075,7530
14077,106
14093,682
14095,13
14117,134
14123,388
14125,3
14127,119
14129,104
14131,3151
14145,247
14173,513
14175,1183
14181,1
14183,2
14189,1888
14199,3995
14207,3
14209,5
14211,3
14213,1
14227,13128
14231,17
14235,8
14237,696
14247,20
14249,5
14253,5
14267,253
14277,453
14283,1484
14289,8910
14293,1528
14317,276
14333,25
14345,12082
14347,319
14349,4025
14353,3943
14355,901
14359,34
14367,7
14373,586
14379,100
14381,1
14397,3065
14407,1516
14467,10047
14471,6
14479,202
14511,1173
14513,9907
14515,1388
14519,5
14527,2677
14529,3
14537,7
14539,132
14543,103
14563,54
14575,589
14583,141
14617,120
14623,1
14627,412
14629,112
14631,1
14645,1064
14647,122
14653,1248
14657,52
14659,50
14661,43
14663,416
14669,738
14675,54
14685,96
14693,147
14713,6460
14719,5002
14735,505
14741,13880
14743,10
14749,5510
14751,1056
14753,530
14765,1634
14781,2
14807,1200
14811,2738
14813,11876
14817,207
14821,1
14827,559
14829,2672
14833,5693
14835,336
14837,3247
14853,142
14875,277
14889,129
14893,1548
14913,11
14921,2160
14935,50
14941,876
14947,5
14949,39
14951,355
14957,139
14967,9191
14989,23
14991,199
14993,91
14995,65
15005,409
15015,24
15021,29
15037,4428
15039,2729
15043,129
15045,264
15051,4299
15059,918
15061,61
15067,2
15069,1
15077,97
15085,4447
15093,34
15095,25
15097,193
15109,1558
15111,1
15117,3391
15119,1279
15125,849
15127,34
15129,1
15133,965
15137,3
15139,2
15141,3
15159,24
15177,57
15195,929
15197,2062
15199,1032
15201,687
15219,149
15225,7389
15227,3
15279,37
15291,153
15307,82
15313,285
15315,7559
15323,1160
15325,553
15335,2525
15347,11
15359,646
15377,1844
15379,4423
15389,7
15391,444
15393,1
15399,1
15409,77
15411,473
15417,2537
15423,18
15431,288
15437,2635
15439,502
15451,9303
15453,72
15455,8
15479,4
15487,1469
15489,272
15505,51
15525,6
15527,8
15529,4
15533,7
15535,189
15537,117
15539,43
15541,77
15545,18
15547,12
15565,1530
15577,7
15579,1
15583,10330
15591,383
15605,2487
15607,6
15609,1061
15611,238
15613,1835
15617,434
15633,591
15649,300
15651,493
15653,6
15657,1
15663,3
15673,90
15687,2933
15689,6860
15699,3179
15711,161
15717,24
15719,193
15729,761
15731,269
15735,201
15743,6
15749,2
15751,1999
15769,43
15771,1097
15775,1162
15781,120
15783,46
15785,73
15787,3
15793,854
15795,9
15807,464
15809,14370
15811,587
15813,245
15815,2
15819,10
15823,2
15839,78
15841,171
15843,166
15845,62
15847,157
15863,1096
15865,3
15867,118
15873,1
15875,2
15879,1440
15881,666
15883,494
15891,51
15893,13
15895,394
15897,1
15905,2
15911,1372
15913,1
15915,4
15925,27
15927,677
15933,630
15937,2
15951,330
15957,1
15959,452
15961,2
15963,435
15971,3
15977,2
15979,93
15989,402
15993,30
16001,4884
16005,2202
16007,3
16009,3682
16011,4825
16021,1
16023,133
16027,2
16033,245
16035,3259
16041,2
16049,4513
16051,744
16059,67
16067,5417
16091,39
16099,1499
16101,82
16119,18
16123,617
16131,4
16143,201
16149,300
16157,1737
16159,2
16163,1
16169,570
16183,7
16187,43
16189,84
16199,564
16201,2096
16211,232
16233,29
16239,1055
16241,938
16245,2
16247,6
16251,13
16253,1
16255,3
16257,1
16259,1
16261,3
16263,1
16273,1211
16287,323
16303,1
16317,465
16319,103
16331,206
16335,281
16345,4
16347,41
16353,2464
16355,2061
16363,100
16371,7
16373,6
16377,3
16381,76
16385,997
16389,4
16393,1
16395,534
16397,1847
16399,1
16405,481
16415,31
16417,3891
16419,150
16434,2
16436,202
16442,67
16444,2154
16454,3
16458,1
16460,1
16468,559
16472,114
16474,75
16476,30
16480,1
16482,1
16486,1
16490,1
16498,29584
16506,4
16508,100
16510,2
16512,3504
16514,3
16518,1457
16524,6371
16526,2
16528,1874
16530,3
16552,1
16554,2
16556,1
16558,2
16560,2
16562,1
16564,1
16566,1
16568,1
16570,3
16572,1
16574,46
16576,34
16586,1
16590,1
16592,10082
16602,20
16604,28
16606,28
16608,231
16610,48
16614,169
16620,2
16636,319
16638,102
16642,105
16644,60
16646,51
16648,39
16650,2
16656,208
16662,2482
16664,1076
16668,3640
16678,118
16680,501
16690,30
16692,37
16694,1724
16696,3
16700,1200
16702,5
16706,5733
16718,51
16726,38
16728,2
16730,3
16732,1836
16738,78
16740,33
16742,8244
16746,1
16748,1
16752,1
16754,1
16756,17
16762,5804
16774,1193
16776,1
16778,1
16780,1
16782,6625
16784,1
16786,4
16788,1
16790,1
16794,4
16796,2
16798,4
16800,1
16802,6
16804,1
16806,1
16808,1
16810,1
16812,2
16814,1
16816,1
16818,1
16820,1
16822,2
16824,1
16828,1
16830,1
16832,1
16834,1
16838,1
16866,1790
16868,1169
16870,2664
16890,1780
16894,8235
16904,2664
16906,10
16908,1
16910,1007
16912,5
16914,88
16916,2017
16918,3794
16928,134
16934,3260
16936,110
16954,6
16964,17
16970,5
16982,873
16988,3
16994,4
17002,3
17004,2
17006,2
17010,12
17012,45
17020,120
17048,5
17068,21
17074,6058
17076,8
17080,245
17082,1500
17086,1
17088,3
17090,4
17092,5
17100,1
17102,2
17104,1
17106,1
17113,7
17115,489
17117,2
17121,1109
17127,36
17131,1
17137,21
17141,9
17147,11
17151,5
17157,993
17159,7
17161,6
17163,5
17165,4
17167,2
17187,1154
17201,1
17205,270
17209,4
17211,4
17213,1
17215,2
17217,1
17219,1
17221,1
17223,2
17233,8
17237,3
17245,4
17247,4822
17249,63
17251,72
17259,1142
17263,1
17265,11187
17267,139
17269,1059
17273,224
17277,124
17291,3
17293,21
17295,11
17307,2
17313,1
17315,1
17317,1
17321,1
17325,1
17339,1
17341,348
17345,299
17351,153
17353,8
17357,56
17359,2
17371,153
17379,20
17387,3
17389,906
17391,337
17395,175
17397,715
17403,3
17405,2
17409,551
17419,140
17423,1
17427,1
17437,368
17439,1
17441,1
17443,1
17445,1
17447,1
17457,1
17467,3
17469,1
17471,1
17473,1
17479,2
17481,3
17483,1
17485,1
17487,1
17489,1
17491,108
17493,4
17497,15
17501,2
17505,1247
17513,3401
17521,4
17535,1425
17537,54
17539,66
17541,61
17543,36
17549,3267
17551,107
17563,3
17573,60
17585,156
17599,1
17601,2
17603,1
17605,1
17613,2
17615,2
17619,1
17621,1
17623,1
17624,2
17635,221
17637,398
17641,3004
17643,685
17649,1
17651,948
17655,63
17657,1
17659,34
17665,1
17667,1
17669,1
17671,1
17673,3
17675,1
17677,143
17679,141
17681,542
17687,1
17689,1
17693,18
17697,1
17699,112
17703,1
17705,36
17707,6
17717,133
17719,3
17721,1
17725,910
17727,24
17729,4840
17731,155
17733,3
17739,190
17741,2052
17743,448
17745,68
17747,60
17749,2
17753,3
17777,2575
17785,7
17787,17
17791,88
17811,78
17813,194
17815,82
17819,369
17821,1097
17823,3
17825,1
17827,1309
17831,2540
17833,5
17835,1
17843,121
17849,305
17855,285
17867,97
17871,67
17873,432
17875,705
17879,369
17887,23
17891,3
17893,3
17895,7793
17897,23
17901,279
17903,1
17909,1626
17913,63
17917,39
17919,394
17933,2
17949,407
17951,4
17953,3
17955,4
17957,4
17959,6
17961,6
17963,5
17965,5
17969,6
17977,1
17979,1
17981,1
17983,3
17985,4
17987,4
17989,2
17991,3
18001,2881
18003,15
18005,3
18029,4
18031,3
18033,3
18039,662
18041,1453
18045,732
18047,6
18053,81
18055,1265
18061,2
18063,2
18071,1
18081,4
18083,4
18085,5
18087,4
18095,2367
18097,190
18099,601
18109,6
18115,7279
18119,2954
18121,576
18133,17
18137,2
18139,2520
18149,132
18151,33
18153,11152
18155,2
18177,460
18179,2547
18191,1
18195,2441
18197,3
18199,2
18205,22
18227,1
18229,2897
18231,73
18241,2
18245,2332
18247,5314
18269,1
18271,1
18273,1
18275,1
18277,6434
18283,1
18295,2476
18301,1
18303,1
18305,2
18307,1
18309,1
18311,1
18313,1
18315,1
18317,1
18319,1
18321,1
18323,1
18325,1
18327,1
18329,1
18331,1
18339,1
18341,1
18343,151
18353,3
18355,2
18357,1
18365,5
18375,14
18377,1
18389,2
18391,22
18393,2325
18397,3596
18411,1129
18413,293
18419,83
18425,16
18429,355
18441,2298
18443,1
18447,4
18449,36
18451,2
18455,60
18457,5
18463,4
18465,1099
18469,1
18475,1
18479,3
18481,3
18483,3
18489,2
18491,1
18495,670
18497,1471
18499,352
18507,9285
18521,2
18523,1310
18525,77
18527,4
18533,6
18549,58
18557,5
18561,4
18567,1
18569,2
18573,1
18575,1
18577,2
18583,1
18587,8
18589,4
18591,2
18599,118
18603,1
18617,501
18619,587
18627,1
18629,1
18631,1
18635,6
18637,7
18639,47
18643,3
18653,78
18655,80
18661,1122
18669,10
18671,7066
18677,3904
18679,13850
18683,2
18689,1580
18691,82
18693,82
18695,47
18703,1
18713,638
18723,12
18729,11
18731,1
18743,3
18745,699
18747,1
18753,3461
18755,53
18759,1
18767,1504
18771,121
18773,1
18781,62
18795,3
18799,48
18815,3
18817,1
18819,1
18821,1
18823,4
18825,4
18827,5
18829,3
18831,20
18835,42
18841,12
18845,1
18849,472
18851,850
18857,3645
18881,124
18893,2640
18897,10337
18907,1
18919,1
18937,2
18939,1
18943,1
18953,56
18959,52
18967,1
18983,1
18989,182
19009,1
19021,1178
19023,765
19029,214
19049,1
19051,148
19053,2
19059,1
19063,1
19067,42
19069,3
19071,1
19073,1
19081,38
19087,2
19099,169
19101,60
19103,39
19109,589
19111,2779
19115,253
19117,1679
19121,3
19123,671
19125,5
19133,138
19135,3
19137,33
19151,1774
19159,321
19163,6040
19165,99
19167,1
19169,1
19171,4
19177,1
19185,39
19187,30
19191,911
19193,693
19195,572
19207,39
19209,4
19211,1184
19213,10
19217,12
19219,8
19221,6620
19231,7
19233,11
19235,6
19237,6
19239,7
19251,383
19255,229
19257,436
19261,143
19271,4
19279,11
19283,33
19285,2695
19287,44
19291,364
19297,53
19305,3
19311,1
19315,2677
19319,910
19325,2
19337,4
19351,48
19363,2803
19365,1480
19367,1292
19369,4715
19383,1019
19391,787
19397,27
19401,7
19429,3876
19431,80
19433,1
19437,1
19445,1
19447,25
19457,1
19463,1
19467,1
19469,40
19479,2
19481,6
19489,1445
19495,1
19497,1
19501,2
19505,1
19511,445
19513,1
19515,1
19517,1
19519,17
19521,49
19523,19
19533,2
19535,2
19547,1
19555,1
19557,3
19559,1
19569,58
19573,115
19575,165
19581,33
19583,1
19585,1
19587,1
19597,4
19613,224
19619,11
19627,4
19629,43
19631,83
19633,32
19635,21
19645,15
19647,2193
19653,627
19669,1167
19671,1140
19681,2
19683,1
19685,2439
19687,1
19695,1
19697,461
19703,1422
19705,1
19717,1
19727,58
19729,1
19731,4
19745,1
19747,3
19749,1
19751,1
19753,1
19755,8
19759,1088
19769,3449
19773,2
19775,3485
19781,1
19783,1
19797,1
19799,359
19811,12
19815,18306
19817,1
19825,11
19831,1
19839,1
19841,634
19843,2
19845,163
19849,3
19855,1368
19857,44
19859,47
19871,6
19873,1
19875,2
19877,9
19879,3
19887,1
19889,72
19897,1
19899,1
19901,1
19905,1
19907,1
19909,1
19917,1
19919,60
19921,1
19923,4
19925,18
19941,1
19943,1
19945,64
19947,3
19951,1398
19953,226
19957,4
19959,4
19961,3
19965,1
19971,2
19973,19
19977,11
19981,1
19983,1
19985,1
19987,1
19989,1
19991,1
19993,1
19995,2
19997,1
19999,2
20001,2
20003,2
20005,3
20007,2
20009,2
20021,5654
20023,2
20025,2
20027,2
20031,5124
20033,1077
20035,401
20039,276
20045,1172
20047,2842
20053,1131
20057,3160
20075,3
20077,1
20079,1
20081,1
20083,1
20085,2
20087,1
20093,2
20095,2
20109,1
20111,1
20113,1
20115,1
20117,3
20123,1
20125,1
20127,2
20141,63
20143,1
20145,1
20147,2
20153,5
20155,69
20159,4038
20173,1
20175,1
20177,1
20183,2
20185,1
20187,184
20189,6
20199,2
20201,1
20205,1
20207,4
20221,387
20223,1
20225,2
20227,1
20229,1
20231,3
20233,2
20235,2
20237,1
20239,1
20241,1
20243,2
20261,1
20267,164
20329,125
20353,4
20355,45
20359,650
20365,382
20371,712
20377,78
20379,52
20381,5
20383,1
20385,3
20391,28
20423,831
20431,1276
20441,3
20449,1314
20453,1
20457,2158
20463,7
20469,4
20473,472
20479,556
20499,3
20505,24
20507,15070
20509,1783
20517,700
20529,1
20533,832
20539,6
20541,4341
20543,785
20545,930
20547,12
20555,987
20557,74
20581,6
20583,7369
20587,3
20589,29
20603,1
20613,99
20649,366
20651,897
20655,592
20667,16
20671,35
20673,166
20689,4073
20703,1
20705,3
20707,26
20709,1698
20713,4
20723,300
20725,4
20743,115
20745,895
20755,1
20757,42
20767,2785
20785,7615
20787,9837
20797,1
20799,1
20801,106
20811,36
20815,423
20835,3
20843,135
20847,3248
20849,164
20853,5168
20855,50
20857,28
20869,5
20871,173
20873,2
20877,265
20889,474
20899,3494
20903,1073
20907,101
20909,358
20913,61
20919,552
20929,18
20931,1867
20939,1468
20945,26
20951,13
20955,3
20959,22
20961,41
20963,1
20965,74
20969,20
20971,395
20973,2147
20975,1
20977,1046
20987,64
20995,38
20999,11
21001,44
21009,116
21013,40
21019,1
21021,2
21025,2
21027,17
21031,51
21033,2830
21037,3
21039,846
21041,17
21053,1
21055,6
21059,29
21065,15
21067,642
21069,75
21073,147
21075,120
21077,47
21081,4
21085,3932
21089,8
21097,176
21099,1
21101,1
21103,98
21105,2846
21107,7
21119,12
21121,1
21129,1
21161,1
21163,4
21167,1030
21177,1328
21179,3
21185,1761
21189,684
21195,223
21201,187
21215,9
21235,344
21241,595
21255,2
21267,316
21273,1751
21275,1
21277,1
21291,1
21293,2
21295,1
21297,1
21325,458
21327,4466
21329,1823
21333,11
21335,68
21339,2194
21349,45
21353,2749
21363,53
21373,411
21393,39
21395,8
21405,5551
21407,90
21409,62
21415,562
21419,407
21421,283
21427,75
21431,5308
21433,2
21435,298
21437,1659
21439,561
21441,83
21447,2
21451,41
21467,1
21469,162
21471,14
21473,783
21475,1
21479,17
21483,1
21485,1
21487,1
21489,1
21491,1
21493,1
21495,80
21497,138
21507,2551
21509,1
21511,2247
21513,35
21517,1
21521,180
21523,9
21525,1
21539,1
21541,487
21545,1
21547,1
21549,2
21551,1
21553,1
21557,1319
21561,3538
21563,1753
21569,288
21571,47
21573,433
21575,64
21587,234
21591,11
21595,21
21597,88
21599,31
21603,5634
21607,15
21635,761
21641,12
21647,2015
21649,94
21653,946
21659,3149
21663,10
21667,853
21671,45
21677,966
21679,636
21681,1367
21695,89
21701,11
21703,68
21707,3
21711,3
21713,1
21715,2
21717,3
21729,144
21737,77
21743,1431
21749,1
21751,76
21755,131
21761,1
21763,1
21765,2
21771,341
21773,237
21775,15
21781,200
21797,1193
21809,767
21821,454
21829,137
21831,7
21833,4
21835,100
21843,3888
21845,1061
21851,40
21853,116
21855,3711
21861,30
21863,3797
21867,114
21869,3
21875,17
21879,797
21881,13814
21891,4
21899,249
21913,2
21925,90
21933,1
21935,1
21937,1
21939,2486
21941,2
21943,1
21945,1
21947,1
21951,2
21953,2
21955,1
21957,2
21959,2
21961,1
21963,1
21967,2
21969,2
21971,1
21973,2
21975,2
21981,1
21995,6778
21997,6
21999,6
22013,41
22031,11
22035,2
22037,1
22039,53
22043,2352
22049,29
22053,5
22055,13
22057,538
22059,7
22065,3
22069,132
22071,879
22081,47
22093,5
22097,1154
22099,31
22101,2993
22111,1
22113,47
22117,538
22119,51
22123,1292
22125,741
22131,1
22135,2321
22137,22
22145,3544
22147,6641
22157,5
22159,2
22161,8
22163,2
22165,1
22167,2
22169,11
22171,1
22173,4
22175,1
22177,1
22179,9
22181,2
22189,757
22197,1
22199,12842
22205,3
22215,12
22219,1
22221,2
22225,404
22231,10
22239,2
22241,3
22247,1
22249,31
22255,6
22265,4517
22271,1
22273,2262
22275,1
22279,1
22293,4
22295,45
22297,7730
22313,1
22319,18150
22325,1
22327,1
22329,1
22335,145
22345,2
22347,51
22359,163
22361,7
22377,118
22381,15
22385,6
22391,1
22393,3
22399,1
22401,1
22411,4
22413,1
22415,8
22417,4
22419,59
22421,1
22427,3
22429,161
22433,1244
22435,38
22439,4
22441,4
22443,5
22445,3
22447,2
22449,2
22451,5
22455,4
22457,3
22459,2
22461,2
22465,2
22467,4
22469,3
22471,4
22473,4
22477,3
22479,3
22481,2
22483,2
22485,2
22487,3
22489,3
22491,2
22493,2
22495,2
22497,2
22499,1
22503,3
22507,646
22509,3
22511,2
22513,30
22523,1
22535,11564
22537,643
22539,205
22541,1
22543,44
22547,2051
22561,1
22563,2
22565,3
22567,1
22569,1
22571,4
22573,1
22575,4
22577,1
22583,12
22591,2
22593,4
22595,1
22597,1
22603,4
22605,1
22607,5
22609,1
22611,4
22613,1
22615,2
22617,1
22619,1
22621,3
22623,1
22625,1
22627,1
22631,2
22633,2
22635,2
22637,1
22639,1
22641,1
22643,1
22645,2
22647,1
22649,1
22651,1
22653,1
22655,32
22657,1
22661,85
22663,2984
22671,2
22673,549
22675,3
22677,324
22683,2
22687,2798
22689,881
22693,27
22695,120
22699,102
22709,1
22711,1
22729,7742
22733,43
22735,29
22745,370
22755,1
22757,3
22759,508
22763,503
22777,873
22785,16
22789,6678
22791,1
22815,28
22817,169
22819,70
22821,1
22827,2
22831,127
22835,1269
22839,794
22841,3
22845,1
22847,126
22849,4
22851,1
22859,465
22865,2505
22877,3710
22887,1
22893,1
22901,31
22943,7
22953,2
22955,41
22959,1
22961,1603
22973,1
22975,1
22977,1
22979,2
22981,2
22983,9
22985,2
22991,1
22993,1
22995,1
22997,1
22999,1
23001,1
23003,1
23005,1
23007,1
23009,1
23011,1
23013,1
23015,1
23023,48
23029,4
23031,1
23033,57
23037,408
23043,42
23047,56
23051,4
23053,4
23055,1
23057,17
23059,9
23061,4
23063,6
23065,4
23067,17
23079,2594
23083,42
23085,1
23089,1
23097,1
23099,85
23101,40
23107,3
23115,110
23121,871
23125,1
23129,3
23133,729
23137,35
23149,2
23151,173
23153,174
23157,4
23171,16
23177,3
23179,80
23181,1
23183,1
23185,1
23187,1
23189,1
23191,1
23199,5442
23201,402
23209,1019
23213,88
23225,833
23227,1018
23229,8
23233,4404
23237,631
23245,1
23247,34
23249,118
23251,2417
23259,273
23265,4
23267,4
23269,834
23273,9448
23277,3997
23281,6491
23283,10042
23285,116
23289,9178
23293,170
23299,90
23301,208
23303,1
23305,68
23309,2455
23311,1330
23313,1
23315,1
23317,1451
23319,558
23321,5761
23325,767
23327,1769
23333,1893
23341,440
23343,1
23345,1
23347,1
23349,3
23351,1
23353,1
23359,145
23361,149
23363,74
23365,9
23367,27
23369,185
23375,4
23383,1127
23385,1679
23387,18
23393,2
23399,194
23401,7
23405,116
23407,1
23409,5
23421,2192
23423,112
23425,76
23427,538
23433,314
23439,99
23441,815
23447,769
23459,339
23475,6
23477,20
23479,92
23483,20
23487,70
23499,24
23511,1
23515,1
23517,3
23519,48
23523,1
23537,1
23551,228
23555,1
23569,1
23575,1
23579,77
23581,4
23583,8
23585,2
23587,733
23593,1
23595,2
23597,6
23605,322
23607,2
23609,2
23611,1
23613,1
23615,1
23617,2
23619,556
23621,4
23623,1475
23627,47
23633,1
23635,1
23637,1
23639,3
23641,1
23643,3
23645,1
23647,1
23651,1
23659,3
23661,3
23665,55
23673,4521
23675,1
23677,2
23679,22
23697,159
23699,1
23701,693
23703,406
23707,1
23709,1
23711,12
23713,1
23719,31
23721,1
23723,2
23725,228
23727,1
23729,1
23731,2
23733,1
23735,129
23737,1
23739,7
23741,3
23753,10
23755,8192
23759,3
23761,12
23763,2
23765,3
23767,2
23769,1
23775,635
23777,267
23779,1
23781,123
23787,232
23799,1
23801,1
23815,1
23819,1
23825,5
23829,1
23831,146
23835,32
23837,55
23847,6508
23849,36
23855,1
23857,2
23861,1
23863,1
23865,1
23867,1
23869,1
23871,23
23877,17
23881,1
23885,2
23889,1
23895,9
23897,3
23899,2
23901,3
23903,7
23909,2
23911,1
23915,2
23917,2
23931,14
23933,18
23935,18
23943,17
23945,1313
23967,1
23969,1
23971,1
23973,1
23975,1
23979,1
23983,1
23985,64
23987,141
23989,242
23991,40
24011,556
24019,3
24021,34
24029,152
24031,1789
24037,1267
24041,2
24045,2
24047,3
24049,2
24051,2
24053,3
24071,4
24073,2
24075,956
24085,1
24087,1
24089,1
24093,1
24109,4
24121,1
24123,15
24127,29
24133,2378
24135,605
24139,10
24151,1616
24159,1
24169,72
24171,105
24175,405
24179,5
24181,4
24197,5
24199,7
24201,6
24211,1608
24227,1554
24231,3211
24237,3
24257,1
24259,2
24261,676
24269,2
24271,31
24273,55
24275,4
24277,1579
24315,2
24317,26
24321,5
24327,24
24347,50
24355,2
24357,30
24363,3
24365,599
24371,54
24373,4
24377,79
24405,931
24415,4902
24417,5
24429,89
24437,7
24439,4347
24441,1
24443,3
24447,1
24451,400
24453,37
24455,3482
24457,15
24459,810
24465,1
24469,667
24471,113
24475,740
24489,1
24527,7
24531,267
24543,356
24549,1
24573,1
24575,1
24577,1
24591,29
24603,3
24619,1
24625,546
24627,1029
24629,952
24633,3
24637,9
24641,139
24645,4
24647,2
24655,758
24663,1
24669,1
24675,3
24677,2
24679,3
24681,1
24683,1
24687,1204
24695,864
24699,280
24701,1712
24703,4610
24705,1585
24713,252
24719,5
24727,237
24743,8
24745,42
24751,706
24763,42
24765,3132
24781,479
24783,1
24785,1
24789,2
24791,1
24793,1
24795,1
24797,1
24803,1
24807,2
24809,1
24811,2
24817,5
24819,1
24821,235
24823,83
24833,6441
24835,103
24839,1
24843,3
24847,8
24849,40
24851,15
24855,380
24857,1
24859,1
24861,3
24865,1
24869,1
24873,1629
24875,1
24877,1
24881,1
24883,1
24893,1739
24901,3
24903,3
24905,1
24909,116
24911,23
24913,796
24919,293
24921,225
24923,1
24927,1
24935,112
24967,51
24969,1
24973,104
24975,4
24981,1
24987,46
24989,1
24991,1732
24995,2
24997,864
24999,1
25011,396
25013,5110
25015,1134
25027,2
25029,1
25033,1
25035,1
25045,610
25051,1
25053,1
25055,37
25057,1
25059,1
25061,2
25063,1
25065,1
25069,3
25071,1
25073,1
25075,1
25077,17
25079,2
25081,1
25083,3
25085,1
25087,4
25089,2
25091,1
25093,1
25095,1
25099,1772
25101,1
25103,2
25109,2
25113,28
25117,39
25139,2
25143,246
25149,2
25157,5762
25159,4187
25161,1393
25169,6
25173,3
25183,5137
25193,1
25241,922
25253,1
25257,28
25259,43
25265,3
25267,3
25271,39
25283,2015
25285,387
25291,4
25293,3
25299,1
25301,1
25303,832
25305,2
25313,402
25329,1
25341,134
25345,69
25363,1
25365,91
25375,99
25377,3
25383,7
25389,1435
25393,6
25397,4437
25429,1686
25431,42
25437,263
25439,44
25441,18
25457,54
25461,7
25473,1
25491,3
25495,8
25503,2
25517,871
25519,1204
25533,3
25541,1
25543,26
25545,2
25547,1
25549,7
25567,402
25589,1
25591,4
25597,1
25599,2
25601,1
25605,1
25607,1
25609,1
25611,1
25613,1
25615,1
25617,1
25619,1
25623,1
25627,2
25633,1
25635,50
25639,5
25641,12
25647,231
25649,963
25661,3
25667,117
25669,17
25681,2661
25687,1743
25689,203
25717,2
25719,279
25729,65
25731,1902
25749,3
25755,100
25781,2441
25801,23
25805,175
25809,1
25815,1
25833,8
25835,2415
25839,589
25857,10
25859,821
25861,302
25867,982
25871,1
25873,30
25875,105
25877,37
25879,2365
25883,86
25889,3
25891,3
25897,135
25907,354
25915,3
25921,1
25923,33
25939,271
25941,2
25943,46
25963,2
25965,2
25967,2
25969,3
25971,5
25973,2
25975,2
25977,2
25979,1
25981,2
25983,1
25985,1
25987,1
25991,23
25999,14
26007,3
26009,2
26011,2
26013,2
26015,4
26017,2
26019,89
26023,555
26031,1
26033,1
26035,1
26043,1
26053,10
26055,2742
26057,372
26059,30
26063,26
26079,4
26081,2
26085,689
26087,1
26089,1
26091,1
26093,1
26095,1
26097,1
26099,2
26101,2
26103,1
26105,1
26107,1
26109,1
26111,3
26113,1
26115,1
26117,1
26119,1
26123,1
26133,1
26135,1
26137,1
26139,1
26141,2
26143,1
26145,1
26147,1
26149,1
26151,1
26153,1
26155,1
26157,2
26159,2
26163,2
26165,963
26183,121
26189,10
26197,1
26199,1
26209,1
26213,967
26215,1
26217,1
26219,1
26221,1
26223,1
26225,1
26227,1
26229,1
26231,1
26233,1
26235,1
26237,1
26239,1
26241,1
26243,8081
26247,1
26249,1
26251,1
26253,1
26255,1
26257,1
26259,2
26261,1
26263,1
26265,1
26267,1
26269,1
26271,1
26273,1
26275,1
26277,1
26279,1
26281,1
26283,1
26285,2
26287,1
26289,1
26291,1
26293,1
26295,1
26297,1
26299,1
26301,1
26303,2
26305,1
26307,1
26309,1
26311,3
26313,1
26315,1
26317,1
26319,1
26321,1
26323,1
26325,1
26327,1
26329,1
26331,1
26333,1
26335,2
26337,1
26339,1
26341,1
26345,1
26347,2
26349,4400
26351,1217
26359,141
26395,283
26441,2073
26443,1446
26447,2
26449,314
26453,47
27363,34
27369,1
27371,1
27373,2
27375,1
27377,1
27379,1
27387,500
27389,1
27393,1
27399,2
27405,3
27411,294
27413,31
27417,407
27419,82
27437,3
27441,589
27451,1
27453,1
27455,1
27457,1
27459,1
27461,1
27463,1
27465,2
27467,1
27491,1
27493,1
27495,1
27497,1
27499,1
27501,1
27503,215
27509,132
27519,3
27521,1
27525,1084
27539,11
27551,1
27557,2
27559,3
27561,1
27567,13
27569,1
27571,1
27573,1
27575,1
27577,1
27579,1
27589,1
27601,1027
27603,53
27613,100
27619,50
27621,1
27629,92
27631,3021
27633,1777
27651,1
27653,5
27655,5120
27663,1100
27677,8
27681,1
27683,1
27687,7
27693,2
27709,37
27721,2
27723,2
27727,950
27737,16
27741,81
27747,16
27757,4
27775,4581
27785,17
27787,5008
27789,14
27793,28
27811,1
27815,84
27821,4581
27825,52
27829,1166
27831,3424
27833,2250
27837,1
27839,1
27841,1
27843,1
27845,1
27847,1
27849,1
27851,1
27853,1
27855,1
27857,322
27879,30
27881,25
27887,74
27891,1563
27899,11549
27907,55
27909,38
27911,505
27915,1
27921,1
27927,218
27939,89
27943,1
27945,45
27947,200
27949,4
27951,4
27957,1152
27961,1
27963,1
27965,1
27967,194
27969,155
27989,3073
27991,2272
27993,2
27997,6
28013,346
28017,1
28019,1
28021,1
28023,1
28025,3275
28035,2
28041,6
28045,6
28047,5
28049,5
28051,6
28053,6
28055,5
28057,6
28063,267
28067,3
28069,1296
28071,2
28073,1
28077,50
28085,12
28087,1
28089,1
28091,1
28093,24
28097,1
28099,1
28101,1
28103,1
28105,258
28109,1
28111,1
28113,1
28115,1
28117,1
28119,1
28121,9298
28143,4
28145,1
28149,186
28151,3
28155,491
28157,41
28171,7990
28179,151
28185,1
28197,3
28201,3
28205,107
28207,40
28211,326
28215,309
28221,813
28223,10472
28227,53
28235,1
28237,6
28241,4
28245,4
28247,4
28249,3101
28251,4
28257,6
28263,2
28283,260
28285,1230
28297,4192
28299,537
28305,4
28309,66
28311,52
28313,72
28339,11
28347,3
28351,59
28355,1
28361,1
28367,1
28369,1
28371,1
28381,3
28385,29
28387,1490
28391,1136
28401,3
28405,834
28419,3
28423,748
28431,133
28433,9
28439,28
28447,302
28479,240
28485,1
28495,73
28497,5845
28511,32
28517,30
28519,34
28531,85
28537,196
28539,4
28579,1
28587,1
28591,3
28593,85
28603,34
28607,259
28615,1
28617,2132
28619,1436
28621,1848
28623,4823
28625,450
28631,4
28637,8
28639,7
28641,7
28645,6
28647,7
28653,2
28655,6
28657,16
28669,88
28673,2
28675,1446
28677,5109
28683,120
28685,1
28687,2
28695,4
28701,6169
28713,260
28715,10
28717,12
28723,10
28725,1059
28733,1
28735,1030
28755,1637
28761,43
28765,3
28771,12
28775,13
28779,101
28789,47
28791,1194
28805,1869
28809,6
28811,13
28813,5
28815,6
28817,1122
28819,2448
28825,3577
28827,2
28831,2
28835,31
28841,47
28843,9
28851,44
28853,20
28859,41
28861,233
28869,69
28881,116
28883,656
28891,3975
28897,1
28907,6603
28911,7
28913,8
28915,7
28925,5
28927,4661
28929,162
28951,3
28953,5
28955,2
28957,707
28959,5
28961,116
28963,5
28977,1386
28979,1444
28981,399
28987,4
28989,1
28991,5
28993,2
28999,7452
29017,88
29027,1033
29035,113
29053,2
29067,2702
29083,47
29085,34
29089,14
29093,2569
29095,3098
29099,1
29101,883
29103,1
29105,2
29107,1
29111,2
29123,14
29129,161
29133,1
29135,1
29141,1
29153,1
29163,573
29165,38
29173,2
29177,1
29179,1
29181,2
29223,145
29231,3
29255,34
29261,58
29283,1
29291,4
29293,2
29301,114
29307,2
29311,3
29317,1927
29323,3
29325,391
29347,14
29353,1
29355,1
29363,1
29377,1
29391,3
29393,3
29395,3
29397,3
29401,1
29409,1
29411,2
29413,56
29419,24
29429,1
29437,22
29451,1
29453,3
29455,1
29457,2
29459,2
29477,1
29481,1
29505,1
29511,202
29513,297
29515,12
29517,26
29547,1
29551,3
29555,3
29557,4
29559,3
29573,41
29575,100
29583,210
29585,3
29587,1
29589,1189
29597,2
29609,4
29615,5
29617,2
29619,4
29623,3
29629,2
29633,2
29635,2
29637,2
29645,3
29647,3
29649,2
29651,2
29653,2
29655,2
29657,2
29661,2
29665,2
29667,2
29669,2
29671,2
29673,4
29675,2
29677,2
29679,2
29681,2
29687,2
29697,18
29701,3
29703,15
29705,63
29707,9
29711,1
29715,1
29716,1
29722,6
29729,1
29730,44
29731,1
29739,3
29742,1
29744,1
29750,1
29752,1
29755,116
29756,4
29757,4
29758,1291
29765,2
29766,2
29768,1
29770,3
29771,2
29772,5
29777,5
29778,4
29780,1
29782,3
29785,2386
29786,4664
29787,723
29791,1
29792,3
29793,3
29795,1
29796,1
29797,1
29798,1
29799,1
29800,2
29801,22
29803,6450
29807,36
29808,45
29809,48
29812,2
29814,2
29820,2
29821,3
29822,5
29823,7
29825,1
29829,52
29830,39
29831,31
29833,1
29834,4
29837,1
29846,2
29850,4
29852,29
29853,23
29854,1794
29855,6
29856,1
29860,2
29861,3
29862,2
29863,3
29865,18
29867,2
29868,25
29870,2
29871,2
29876,96
29888,2
29893,120
29895,3
29897,3
29898,2
29900,3
29901,1
29902,1
29904,2
29905,2
29906,2
29907,2
29908,2
29910,1
29915,25
29916,27
29917,2
29918,2
29919,4
29920,2
29921,2
29922,2
29923,2
29925,2
29926,2
29927,12
29928,2
29929,2
29932,1
29933,4
29941,192
29943,6
29944,2
29946,1
29949,25
29952,2
29954,3
29955,1
29957,2
29961,1
29963,1
29966,1
29970,1
29971,2
29972,2
29973,5
29974,713
29975,60
29976,711
29978,12
29979,3
29980,8
29984,2
29988,2
29989,1
29992,2
29994,2
29995,11
29998,73
30010,1
30012,3
30013,3
30014,283
30015,4034
30018,3
30019,3
30028,1
30030,6
30034,1
30039,25
30045,3
30053,2
30056,378
30058,1
30059,2
30061,1
30065,1
30066,3
30070,1
30071,1
30072,1
30073,2
30074,2
30075,2
30076,2
30077,2
30078,1
30079,2
30080,2
30081,1
30082,1
30083,1
30085,1
30086,3
30088,9
30090,1
30091,1053
30092,2
30093,2
30094,1
30095,1
30096,1
30100,139
30103,9
30104,1
30105,3
30106,2
30123,3305
30127,1136
30128,54
30132,21
30133,5
30137,453
30143,5
30144,1
30145,3
30150,1
30155,5
30156,1
30157,1
30158,1
30160,4
30162,2
30163,1
30164,1
30165,1
30166,7
30167,1
30168,52
30169,1
30173,1
30177,1
30178,11
30187,2218
30191,409
30193,2
30196,18
30199,1
30201,1
30205,2341
30206,1040
30217,1
30218,34
30230,868
30232,1
30234,3
30237,102
30240,5486
30241,2
30243,76
30246,16
30247,2
30250,192
30251,83
30262,27
30269,20
30276,13374
30278,1
30279,1049
30289,2
30290,12
30291,10
30292,11
30296,4324
30300,1335
30307,4508
30309,1
30311,103
30313,1
30321,696
30324,16
30326,1
30327,1
30328,1
30329,1
30330,1
30331,1
30334,1
30335,2
30336,1
30337,2
30339,1
30340,1
30342,1
30343,1
30344,416
30346,485
30347,1012
30349,1
30355,597
30358,28
30360,1
30363,1871
30364,87
30365,345
30375,375
30376,46
30378,1
30379,209
30381,164
30382,128
30383,1189
30384,367
30385,729
30390,8
30392,1
30393,1
30394,1
30395,1
30396,1
30397,1
30398,1
30399,1
30400,1
30401,1
30403,1
30404,1
30405,1
30407,1
30408,1
30412,3
30413,189
30415,227
30418,1
30419,28
30424,2
30425,1
30427,1
30428,3
30429,1
30430,3
30431,2
30433,1
30435,1
30437,583
30438,8
30442,1
30443,1
30444,1
30445,22
30446,2
30450,1
30454,18
30457,1
30458,1612
30460,39
30463,3
30464,151
30473,5
30480,1
30481,2
30484,4
30489,4
30499,49
30503,6737
30512,3
30514,473
30524,409
30531,22
30533,125
30534,1
30537,2
30543,30
30544,3806
30547,47
30549,161
30559,1
30567,220
30573,38
30576,3
30583,61
30585,364
30600,78
30602,2
30614,52
30625,6
30641,58
30647,2
30648,2
30649,13
30651,64
30654,2923
30658,32
30659,4
30663,4
30664,1
30665,1
30666,1
30667,1
30668,2
30669,1
30679,34
30686,32
30702,53
30704,1
30705,470
30709,363
30711,460
30714,453
30721,419
30738,1
30739,45
30740,893
30741,28
30743,2
30745,172
30746,219
30749,1710
30751,6
30753,1
30757,14
30760,1
30763,3
30764,1
30765,2
30766,2
30767,1
30771,22
30777,2
30781,1
30782,862
30790,70
30795,479
30806,879
30812,65
30813,11
30814,1
30817,22
30818,1
30825,90
30826,30
30829,63
30831,5416
30840,3
30842,8
30845,19
30850,14
30851,3
30859,4
30860,7
30862,2
30864,2
30865,8
30868,375
30869,27
30870,7
30873,2
30885,877
30886,2
30895,693
30896,29
30898,32
30901,1053
30902,535
30903,12
30905,1
30907,5
30909,2
30911,1378
30912,28
30913,7
30915,541
30916,5
30919,135
30920,7
30921,3
30922,16
30923,2
30924,2
30925,623
30939,1
30943,1
30947,27
30948,343
30952,48
30953,29
30955,3
30965,1
30967,3
30973,1
30981,1
30988,91
30991,509
31014,8
31018,22
31035,4
31043,9180
31048,6
31050,72
31051,549
31055,2
31056,204
31064,26
31065,25
31068,5
31070,112
31071,1
31072,7
31073,7
31080,519
31091,709
31096,276
31098,1043
31101,22
31102,6
31105,17
31107,6
31108,21
31109,301
31111,3
31113,27
31115,34
31116,1
31117,62
31118,55
31121,242
31128,234
31133,18
31137,20
31138,806
31139,134
31143,501
31144,61
31145,44
31147,694
31149,183
31156,151
31158,25
31163,2777
31165,15
31168,43
31170,1
31173,1711
31174,826
31177,1
31181,2271
31189,42
31196,58
31201,1
31202,1
31211,1
31221,174
31223,629
31227,82
31229,745
31231,23
31233,19
31234,299
31235,1
31236,1
31237,1
31238,1
31240,6123
31244,4
31245,451
31251,1207
31252,6
31255,1
31257,1
31263,1
31280,89
31283,140
31289,467
31297,1130
31298,52
31299,2
31300,14
31302,2
31309,3
31310,3
31318,1205
31319,4
31324,434
31326,335
31331,21
31338,1601
31339,1
31344,42
31362,2
31368,388
31370,106
31374,931
31376,1631
31377,5
31378,266
31380,25
31387,37
31389,824
31397,17
31400,37
31401,25
31402,1
31403,21
31404,2572
31405,1448
31414,900
31417,161
31418,2
31424,6
31426,15
31430,798
31439,319
31440,172
31442,3014
31448,60
31450,4
31452,451
31454,8
31464,1
31465,2
31467,2
31478,2980
31483,493
31485,2
31486,3
31490,89
31491,43
31493,2
31494,4
31498,324
31499,21
31500,670
31501,3
31505,1
31506,2
31507,3
31510,1
31511,1
31512,1
31513,3
31517,1
31518,28
31519,283
31521,81
31530,18
31540,549
31549,27
31551,7
31552,236
31553,918
31555,1
31559,1348
31560,239
31561,423
31562,1
31564,404
31566,16
31568,4
31573,38
31575,1
31578,111
31580,2753
31581,4
31582,1
31583,1
31584,1
31586,10
31587,1
31592,115
31593,24
31598,122
31608,42
31610,208
31617,4
31618,3
31621,683
31624,3
31630,455
31633,98
31634,12
31636,2457
31637,4367
31638,3
31639,1
31641,2
31643,1
31644,2
31645,301
31647,1
31652,32
31662,1
31665,562
31668,10
31669,6
31670,38
31675,40
31676,15
31680,701
31683,329
31685,6
31686,8
31687,6
31688,4
31689,4
31695,3
31697,1
31698,1
31699,1
31704,3056
31706,633
31710,1124
31711,557
31715,1072
31716,915
31722,989
31730,1
31733,441
31736,63
31737,2102
31738,11
31740,35
31741,1274
31747,5
31750,4
31754,394
31756,331
31757,76
31759,4
31760,4
31761,5
31762,20
31763,89
31764,1627
31769,2
31771,516
31772,1281
31777,3
31780,69
31790,522
31793,310
31797,45
31798,3493
31804,717
31815,252
31821,1286
31827,9
31829,1
31830,3
31831,5
31832,5
31833,4
31834,5
31838,1
31845,714
31846,14
31848,914
31851,11
31859,4551
31865,67
31866,2
31867,148
31873,2
31874,1
31880,7
31885,18
31890,117
31892,1
31893,1
31894,13
31904,1432
31908,1
31909,152
31911,4
31912,3
31914,993
31918,96
31919,7
31923,8
31925,2
31927,56
31930,20
31952,1025
31953,1565
31964,6034
31966,1
31967,2
31972,1
31973,304
31977,2
31978,1
31980,435
31989,72
31994,296
31995,39
31997,25
32005,79
32010,3
32011,22
32013,1142
32023,687
32026,129
32030,9
32031,7
32034,3
32039,107
32041,3
32051,331
32059,1
32065,9
32071,4
32083,815
32084,14
32087,2
32088,2
32089,1
32092,1
32093,1697
32094,514
32107,1
32108,980
32122,221
32139,5
32142,1
32143,1
32145,1
32146,1
32147,1
32148,1
32149,1
32151,31
32153,89
32160,22
32167,1
32171,167
32174,56
32175,464
32182,3534
32188,776
32189,1149
32190,53
32191,20
32202,11
32214,383
32215,415
32227,1
32228,139
32233,1
32237,1
32240,20
32245,502
32247,1
32251,1
32256,1
32264,8
32267,45
32268,804
32269,1
32274,12
32281,2199
32282,3578
32287,54
32288,4
32289,2
32291,1
32293,2
32294,7
32295,1
32296,3
32298,2
32301,185
32309,143
32311,19
32313,335
32321,6
32323,168
32324,5
32338,6
32343,4
32344,1
32345,1
32346,2
32349,3
32359,14
32360,801
32365,368
32366,95
32370,1008
32376,27
32377,4
32379,1406
32380,1220
32382,11
32383,23
32384,5
32385,4
32388,3
32400,3
32408,1
32409,25
32412,4
32415,25
32422,2
32423,22
32430,1
32438,2030
32446,5
32454,119
32461,4
32467,31
32468,30
32481,15
32483,315
32484,23
32485,854
32491,840
32502,7
32503,5
32511,14
32521,2
32526,755
32534,4
32542,2697
32543,6
32547,158
32548,6
32551,559
32553,277
32561,570
32563,2
32564,5
32566,273
32574,127
32581,3
32588,5
32595,628
32600,4
32601,143
32606,194
32608,194
32613,1
32618,1
32620,45
32623,1
32625,19
32626,1
32634,38
32636,1
32642,1
32648,993
32664,277
32667,53
32668,780
32681,993
32682,246
32684,14
32693,1
32695,2
32696,660
32697,94
32699,4
32700,30
32713,1
32728,2
32729,2196
32730,36
32732,1
32733,1
32734,1
32735,16
32736,1
32739,14
32740,169
32741,12
32745,1
32747,1
32748,1
32749,3
32750,1
32751,3
32755,1
32756,1
32757,1
32758,1
32759,1
32761,1
32763,1
32764,1
32765,3
32767,2
32768,1
32773,1
32775,1
32776,1
32777,1
32778,1
32779,1
32781,1
32783,1
32784,1
32788,1
32789,1
32790,1
32792,118
32800,1
32801,47
32802,38
32803,1
32804,1
32806,1
32811,1
32812,1
32813,3
32816,6
32826,7
32828,1467
32831,2
32834,2
32835,1
32844,1
32845,1
32850,1
32851,1
32852,1
32853,1
32854,2
32855,1
32856,1
32858,1
32859,1
32861,1
32863,25
32868,1
32869,85
32870,6
32871,3
32875,4
32879,55
32886,11
32889,1
32890,1
32894,7
32898,3
32904,1
32906,68
32915,161
32927,2
32933,1
32934,13
32935,1233
32943,2
32946,28
32947,347
32950,44
32953,42
32954,81
32959,27
32961,65
32982,5
32993,52
32997,35
32998,1825
33004,140
33011,21
33021,107
33024,51
33028,1081
33032,246
33033,1
33034,3
33037,91
33042,7
33046,196
33056,12
33069,4
33074,50
33075,224
33080,678
33082,470
33091,692
33102,14
33103,5
33105,6
33113,64
33115,1
33116,1
33118,28
33119,11
33124,1
33129,53
33138,30
33142,342
33144,1
33145,5
33154,1
33161,646
33163,1
33164,35
33165,4
33170,13
33173,9
33174,1
33176,1
33177,1
33181,1
33183,1
33187,8
33190,6
33192,6
33201,258
33205,51
33208,2
33209,17
33213,2
33215,1
33217,1
33220,3
33221,61
33222,492
33225,1
33226,1
33228,2
33232,3
33236,2
33239,1
33241,160
33242,19
33247,12
33254,58
33266,1
33272,1
33273,2
33274,7
33276,4
33278,2
33281,9
33302,20
33309,5
33310,1
33325,2
33326,2
33338,406
33341,105
33342,1
33343,1
33344,1
33348,1
33350,6
33358,2
33360,8
33366,5
33372,136
33393,22
33394,27
33401,3
33419,1
33420,3
33421,477
33429,1
33446,9
33449,1
33454,1
33474,3
33484,1
33485,1
33491,9
33493,4
33498,1
33499,1
33508,5
33511,2
33512,6
33513,2
33514,23
33515,20
33522,24
33524,473
33534,1
33535,1
33536,1
33537,1
33543,3
33544,3
33545,6
33546,14
33547,1
33548,4
33549,4
33550,3
33551,2
33552,4
33558,866
33569,176
33578,4
33588,2
33605,11
33606,92
33618,2
33658,14
33659,3
33661,1
33674,1
33689,6
33692,2
33696,7
33705,1
33708,2
33709,9
33712,3
33713,23
33734,3
33740,48
33741,23
33750,17
33775,1
33779,2
33791,1
33798,67
33808,3
33843,1
33846,1
33854,1
33856,1
33858,1
33859,1
33860,1
33861,1
33862,1
33864,1
33866,1
33868,1
33869,1
33870,1
33871,2
33872,1
33884,1
33885,1
33902,46
33905,5
33906,1
33907,1
33908,2
33909,3
33910,3
33911,6
33912,5
33914,1
33915,1
33934,66
33964,248
33978,1
33979,21
33998,1
33999,1
34000,1
34015,16
34036,5
34048,2
34078,1
34085,90
34103,822
34107,17
34119,2
34136,2
34173,1
34238,39
34239,2
34240,1546
34252,1
34283,20
34324,17
34325,20
34349,7
34358,1
34367,5
34412,1
34475,4
34476,1
34519,1
